mol/m2O2,mol/m2O2,mol/m2O2,BB gC/m2,BB gC/m2,BB gC/m2,210 m POC flux,210 m POC flux,210 m POC flux,410 m POC flux,410 m POC flux,410 m POC flux,210 m PN flux,210 m PN flux,210 m PN flux,410 m PN flux,410 m PN flux,410 m PN flux
Year,Julian Day,(150-350m),Year,Julian Day,(250-450m),Year,Julian Day,(g C/m2),Year,Julian Day,(g C/m2),Year,Julian Day,(g N/m2),Year,Julian Day,(g N/m2)
1996,11,2.88,1996,11,0.95,1996,9,0.02,1996,9,0.01,1996,9,0.003,1996,9,0.002
1996,43,3.54,1996,43,0.98,1996,23,0.03,1996,23,0.04,1996,23,0.005,1996,23,0.006
1996,71,2.67,1996,71,1.7,1996,37,0.11,1996,37,0.1,1996,37,0.016,1996,37,0.015
1996,163,5.18,1996,106,0.67,1996,51,0.06,1996,51,0.07,1996,51,0.008,1996,51,0.01
1996,190,4.35,1996,129,1.52,1996,65,0.11,1996,65,0.15,1996,65,0.016,1996,65,0.022
1996,218,2.73,1996,163,1.84,1996,79,0.17,1996,79,0.14,1996,79,0.024,1996,79,0.02
1996,253,6.88,1996,190,2.56,1996,93,0.06,1996,93,0.08,1996,93,0.008,1996,93,0.01
1996,282,3.16,1996,218,1.36,1996,107,0.05,1996,107,0.08,1996,107,0.006,1996,107,0.01
1996,312,3.6,1996,253,1.48,1996,319,0.04,1996,120,0.03,1996,319,0.006,1996,120,0.004
1996,345,5.48,1996,282,1.51,1996,333,0.08,1996,319,0.03,1996,333,0.013,1996,319,0.004
1997,7,3.29,1996,312,2.11,1996,347,0.03,1996,333,0.09,1996,347,0.004,1996,333,0.013
1997,44,5.38,1996,345,1.13,1996,361,0.04,1996,347,0.02,1996,361,0.006,1996,347,0.003
1997,71,1.16,1997,7,1.15,1997,10,0.05,1996,361,0.03,1997,10,0.007,1996,361,0.004
1997,104,2.41,1997,44,0.91,1997,23,0.03,1997,10,0.04,1997,23,0.005,1997,10,0.006
1997,127,0.62,1997,71,0.87,1997,37,0.03,1997,23,0.02,1997,37,0.005,1997,23,0.003
1997,167,2.71,1997,104,0.92,1997,52,0.09,1997,37,0.02,1997,52,0.013,1997,37,0.003
1997,189,2.3,1997,127,1.22,1997,66,0.09,1997,52,0.05,1997,66,0.013,1997,52,0.007
1997,229,6.49,1997,167,1.11,1997,79,0.12,1997,66,0.07,1997,79,0.019,1997,66,0.009
1997,260,7.78,1997,189,2.19,1997,138,0.12,1997,79,0.06,1997,138,0.017,1997,79,0.01
1997,286,8.55,1997,229,2.56,1997,148,0.18,1997,138,0.07,1997,148,0.027,1997,138,0.01
1997,318,1.11,1997,260,0.62,1997,163,0.08,1997,148,0.1,1997,163,0.012,1997,148,0.013
1997,351,5.9,1997,286,1.29,1997,177,0.05,1997,163,0.01,1997,177,0.007,1997,163,0.001
1998,13,4.43,1997,318,1.26,1997,190,0.07,1997,177,0.01,1997,190,0.01,1997,177,0.001
1998,41,5.96,1998,13,3.34,1997,204,0.05,1997,190,0.02,1997,204,0.007,1997,190,0.003
1998,68,4.38,1998,41,1.01,1997,219,0.09,1997,204,0.01,1997,219,0.013,1997,204,0.001
1998,110,3.52,1998,68,2.24,1997,233,0.03,1997,219,0.04,1997,233,0.004,1997,219,0.006
1998,159,4.22,1998,187,2.55,1997,246,0.04,1997,233,0,1997,246,0.006,1997,233,0.001
1998,187,4.1,1998,216,1.74,1997,260,0.04,1997,246,0.01,1997,260,0.007,1997,246,0.002
1998,216,2.99,1998,243,0.82,1997,274,0.03,1997,260,0.01,1997,274,0.005,1997,260,0.001
1998,243,2.86,1998,286,1.7,1997,289,0.02,1997,274,0.01,1997,289,0.003,1997,274,0.001
1998,286,3.7,1998,311,1.66,1997,301,0.02,1997,289,0.03,1997,301,0.003,1997,289,0.004
1998,311,3.88,1998,349,1.26,1997,320,0.07,1997,301,0.01,1997,320,0.011,1997,301,0.001
1998,349,5.93,1999,11,1.05,1997,330,0.1,1997,320,0.04,1997,330,0.015,1997,320,0.006
1999,11,3.7,1999,40,0.84,1997,345,0.11,1997,330,0.05,1997,345,0.016,1997,330,0.007
1999,40,2.2,1999,96,0.89,1997,359,0.06,1997,345,0.09,1997,359,0.01,1997,345,0.012
1999,62,4.5,1999,126,1.47,1998,7,0.07,1997,359,0.07,1998,7,0.01,1997,359,0.012
1999,96,6.76,1999,158,0.6,1998,21,0.01,1998,7,0.08,1998,21,0.002,1998,7,0.011
1999,126,6.06,1999,195,0.68,1998,35,0.03,1998,21,0.02,1998,35,0.004,1998,21,0.003
1999,158,3.65,1999,256,1.78,1998,49,0.02,1998,35,0.07,1998,49,0.003,1998,35,0.01
1999,195,5.37,1999,277,0.91,1998,63,0.05,1998,49,0.02,1998,63,0.008,1998,49,0.003
1999,309,2.25,1999,309,1.85,1998,77,0.18,1998,63,0.02,1998,77,0.027,1998,63,0.002
1999,340,1.73,1999,340,0.66,1998,91,0.14,1998,77,0.07,1998,91,0.022,1998,77,0.01
2000,10,3.01,2000,10,0.79,1998,105,0.07,1998,91,0.07,1998,105,0.01,1998,91,0.011
2000,38,4.51,2000,38,0.73,1998,118,0.05,1998,105,0.02,1998,118,0.007,1998,105,0.004
2000,68,4.8,2000,68,1.15,1998,157,0.06,1998,118,0.02,1998,157,0.009,1998,118,0.002
2000,101,5.33,2000,101,1.26,1998,164,0.1,1998,157,0.03,1998,164,0.014,1998,157,0.004
2000,124,5.58,2000,124,2.35,1998,171,0.08,1998,164,0.07,1998,171,0.01,1998,164,0.012
2000,221,4.64,2000,157,0.96,1998,178,0.06,1998,171,0.05,1998,178,0.006,1998,171,0.005
2000,255,4.76,2000,188,1.12,1998,188,0.06,1998,178,0.05,1998,188,0.007,1998,178,0.005
2000,283,4.61,2000,221,1.03,1998,202,0.08,1998,188,0.03,1998,202,0.012,1998,188,0.003
2000,303,3.75,2000,255,0.8,1998,216,0.04,1998,202,0.08,1998,216,0.007,1998,202,0.01
2000,339,2.23,2000,283,0.94,1998,230,0.04,1998,216,0.03,1998,230,0.006,1998,216,0.005
2001,11,2.44,2000,303,1.51,1998,244,0.06,1998,230,0.01,1998,244,0.01,1998,230,0.001
2001,47,0.88,2000,339,0.59,1998,258,0.06,1998,244,0.03,1998,258,0.008,1998,244,0.005
2001,73,0.3,2001,11,0.93,1998,272,0.08,1998,258,0.03,1998,272,0.012,1998,258,0.004
2001,93,4.32,2001,47,1.42,1998,286,0.04,1998,272,0.04,1998,286,0.006,1998,272,0.005
2001,119,6.87,2001,73,2.9,1998,299,0.03,1998,286,0.01,1998,299,0.005,1998,286,0.002
2001,163,2.31,2001,93,1.96,1998,317,0.05,1998,299,0,1998,317,0.009,1998,299,0
2001,190,4.67,2001,119,4.02,1998,331,0.07,1998,317,0.03,1998,331,0.01,1998,317,0.004
2001,219,2.86,2001,163,1.56,1998,345,0.05,1998,331,0.04,1998,345,0.008,1998,331,0.005
2001,255,4.14,2001,190,2.38,1998,359,0.02,1998,345,0.04,1998,359,0.004,1998,345,0.007
2001,282,4.27,2001,255,1.22,1999,8,0.02,1998,359,0.02,1999,8,0.003,1998,359,0.002
2001,309,3.17,2001,282,2.74,1999,22,0.02,1999,8,0.02,1999,22,0.003,1999,8,0.002
2001,345,2.54,2001,309,1.43,1999,36,0.03,1999,22,0.03,1999,36,0.005,1999,22,0.005
2002,15,3.81,2001,345,1.2,1999,50,0.01,1999,36,0.06,1999,50,0.002,1999,36,0.009
2002,44,2.04,2002,15,2.04,1999,64,0.01,1999,50,0.03,1999,64,0.002,1999,50,0.004
2002,70,2.91,2002,44,1.82,1999,78,0.02,1999,64,0.03,1999,78,0.003,1999,64,0.004
2002,91,6.23,2002,70,1.37,1999,92,0.04,1999,78,0.03,1999,92,0.005,1999,78,0.005
2002,127,2.4,2002,91,1.31,1999,106,0.05,1999,92,0.06,1999,106,0.007,1999,92,0.009
2002,162,2.78,2002,127,1.75,1999,118,0.04,1999,106,0.03,1999,118,0.006,1999,106,0.004
2002,189,3.15,2002,162,1.72,1999,132,0.13,1999,118,0.06,1999,132,0.018,1999,118,0.009
2002,217,1.67,2002,189,0.69,1999,146,0.08,1999,132,0.09,1999,146,0.012,1999,132,0.012
2002,275,3.69,2002,217,2.76,1999,160,0.07,1999,146,0.04,1999,160,0.01,1999,146,0.005
2002,310,3.07,2002,275,1.88,1999,174,0.1,1999,160,0.06,1999,174,0.015,1999,160,0.008
2002,338,2.69,2002,310,1.62,1999,188,0.06,1999,174,0.09,1999,188,0.009,1999,174,0.013
2003,13,4.51,2002,338,1.33,1999,202,0.06,1999,188,0.03,1999,202,0.009,1999,188,0.004
2003,41,2.85,2003,41,1.12,1999,216,0.05,1999,202,0.03,1999,216,0.007,1999,202,0.004
2003,69,2.07,2003,69,1.48,1999,230,0.04,1999,216,0.03,1999,230,0.006,1999,216,0.004
2003,97,1.73,2003,97,1.19,1999,244,0.05,1999,230,0.01,1999,244,0.007,1999,230,0.002
2003,127,5.26,2003,127,1.7,1999,258,0.05,1999,244,0.01,1999,258,0.007,1999,244,0.001
2003,160,3.5,2003,160,1.67,1999,272,0.07,1999,258,0.01,1999,272,0.01,1999,258,0.002
2003,215,3.65,2003,188,1.51,1999,286,0.07,1999,272,0.01,1999,286,0.009,1999,272,0.002
2003,251,4.18,2003,215,1.2,1999,299,0.07,1999,286,0.01,1999,299,0.01,1999,286,0.001
2003,314,2.86,2003,251,1.45,1999,314,0.07,1999,299,0.01,1999,314,0.011,1999,299,0.002
2003,342,2.36,2003,314,1.7,1999,328,0.18,1999,314,0.03,1999,328,0.024,1999,314,0.005
2004,19,4.19,2003,342,1.05,1999,342,0.06,1999,328,0.13,1999,342,0.008,1999,328,0.017
2004,38,2.55,2004,19,1.03,1999,356,0.08,1999,342,0.02,1999,356,0.011,1999,342,0.003
2004,67,4.46,2004,38,1.39,2000,5,0.06,1999,356,0.05,2000,5,0.009,1999,356,0.007
2004,96,3.5,2004,67,1.25,2000,19,0.06,2000,5,0.04,2000,19,0.008,2000,5,0.005
2004,138,3.23,2004,96,1.31,2000,33,0.04,2000,19,0.06,2000,33,0.006,2000,19,0.009
2004,159,4.02,2004,138,1.74,2000,47,0.05,2000,33,0.06,2000,47,0.007,2000,33,0.008
2004,188,2.43,2004,159,1.41,2000,61,0.24,2000,47,0.07,2000,61,0.036,2000,47,0.01
2004,222,2.88,2004,188,2.16,2000,75,0.05,2000,61,0.13,2000,75,0.008,2000,61,0.019
2004,250,2.51,2004,222,2.27,2000,89,0.08,2000,75,0.13,2000,89,0.011,2000,75,0.017
2004,278,3.42,2004,250,2.19,2000,103,0.03,2000,89,0.25,2000,103,0.004,2000,89,0.034
2004,313,2.77,2004,278,2.11,2000,116,0.04,2000,103,0.08,2000,116,0.005,2000,103,0.011
2004,341,2.26,2004,313,1.92,2000,131,0.22,2000,116,0.08,2000,314,0.027,2000,116,0.01
2005,16,4.39,2004,341,1.98,2000,144,0.2,2000,314,0.07,2000,328,0.027,2000,314,0.012
2005,41,7.04,2005,16,2.25,2000,158,0.06,2000,328,0.03,2000,342,0.012,2000,328,0.004
2005,67,8.07,2005,41,1.73,2000,172,0.04,2000,342,0.07,2000,356,0.02,2000,342,0.009
2005,94,7.36,2005,67,1.66,2000,186,0.08,2000,356,0.09,2001,4,0.011,2000,356,0.013
2005,142,8.9,2005,94,0,2000,200,0.05,2001,4,0.06,2001,19,0.007,2001,4,0.009
2005,164,3.34,2005,142,1.88,2000,214,0.05,2001,19,0.07,2001,33,0.007,2001,19,0.011
2005,193,3.11,2005,164,1.39,2000,228,0.08,2001,33,0.1,2001,47,0.017,2001,33,0.012
2005,222,6,2005,193,1.67,2000,242,0.05,2001,47,0.2,2001,338,0.016,2001,47,0.024
2005,349,2.94,2005,222,0.93,2000,256,0.04,2001,60,0.15,2001,345,0.007,2001,60,0.021
2006,13,4.39,2005,349,1.34,2000,270,0.03,2001,74,0.12,2001,352,0.009,2001,74,0.016
2006,37,4.6,2006,13,4.62,2000,284,0.03,2001,89,0.09,2001,359,0.011,2001,89,0.013
2006,74,3.04,2006,37,1.22,2000,298,0.03,2001,103,0.03,2002,4,0.012,2001,103,0.004
2006,93,6.54,2006,74,0.87,2000,314,0.17,2001,115,0.03,2002,18,0.012,2001,115,0.005
2006,138,3.28,2006,93,1.9,2000,328,0.16,2001,338,0.08,2002,32,0.005,2001,338,0.012
2006,156,5.35,2006,138,2.57,2000,342,0.09,2001,345,0.03,2002,46,0.01,2001,345,0.004
2006,184,4.4,2006,156,0.97,2000,356,0.13,2001,352,0.03,2002,60,0.004,2001,352,0.004
2006,214,8.28,2006,184,1.17,2001,4,0.08,2001,359,0.05,2002,182,0.013,2001,359,0.006
2006,254,3.91,2006,214,1.42,2001,19,0.05,2002,4,0.04,2002,196,0.016,2002,4,0.006
2006,282,3.84,2006,254,0.9,2001,33,0.05,2002,18,0.04,2002,203,0.023,2002,18,0.006
2006,313,5.79,2006,282,0.83,2001,47,0.14,2002,32,0.04,2002,210,0.015,2002,32,0.006
2006,338,3.8,2006,313,1.61,2001,338,0.11,2002,46,0.11,2002,217,0.006,2002,46,0.017
2007,36,4.02,2006,338,0.89,2001,345,0.05,2002,60,0.03,2002,224,0.003,2002,60,0.004
2007,64,5.88,2007,36,1.57,2001,352,0.06,2002,182,0.04,2002,234,0.009,2002,182,0.006
2007,100,2.39,2007,64,1.21,2001,359,0.09,2002,189,0.05,2002,248,0.005,2002,189,0.007
2007,127,2.88,2007,100,2.26,2002,4,0.08,2002,196,0.06,2002,262,0.01,2002,196,0.009
2007,155,1.92,2007,127,1.32,2002,18,0.08,2002,210,0.18,2002,276,0.027,2002,210,0.025
2007,183,2.49,2007,155,1.39,2002,32,0.03,2002,217,0.15,2002,290,0.012,2002,217,0.022
2007,218,3.36,2007,183,0.39,2002,46,0.06,2002,224,0.03,2002,305,0.005,2002,224,0.004
2007,246,3.43,2007,218,0.37,2002,60,0.03,2002,234,0.07,2002,321,0.018,2002,234,0.009
2007,281,2.79,2007,246,0.34,2002,182,0.09,2002,248,0.08,2002,331,0.013,2002,248,0.012
2007,333,2.3,2007,281,0.97,2002,196,0.11,2002,262,0.03,2002,345,0.018,2002,262,0.004
2007,344,2.6,2007,333,1.24,2002,203,0.16,2002,276,0.02,2002,359,0.018,2002,276,0.003
2008,9,4.6,2007,344,0.24,2002,210,0.1,2002,290,0.03,2003,8,0.009,2002,290,0.003
2008,42,3.22,2008,9,0.39,2002,217,0.04,2002,305,0.01,2003,22,0.013,2002,305,0.001
2008,70,2.2,2008,42,0.58,2002,224,0.02,2002,321,0.05,2003,36,0.009,2002,321,0.008
2008,98,5.17,2008,70,1.09,2002,234,0.06,2002,331,0.06,2003,50,0.004,2002,331,0.008
2008,141,5.27,2008,98,0.48,2002,248,0.03,2002,345,0.07,2003,134,0.034,2002,345,0.01
2008,155,4.44,2008,141,1.53,2002,262,0.07,2002,359,0.05,2003,148,0.025,2002,359,0.008
2008,189,2.92,2008,189,3.86,2002,276,0.18,2003,8,0.03,2003,162,0.017,2003,8,0.004
2008,217,4.05,2008,217,1.3,2002,290,0.09,2003,22,0.1,2003,176,0.007,2003,22,0.014
2008,253,2.92,2008,253,1.49,2002,305,0.04,2003,36,0.07,2003,190,0.007,2003,36,0.01
2008,283,5.09,2008,283,1.42,2002,321,0.12,2003,50,0.07,2003,204,0.006,2003,50,0.01
2008,322,3.95,2008,322,1.73,2002,331,0.1,2003,64,0.09,2003,218,0.018,2003,64,0.014
2008,344,3.4,2008,344,1.35,2002,345,0.12,2003,78,0.16,2003,232,0.022,2003,78,0.024
2009,12,2.15,2009,12,1.11,2002,359,0.12,2003,92,0.05,2003,246,0.02,2003,92,0.008
2009,41,5.29,2009,41,1.03,2003,8,0.06,2003,106,0.05,2003,260,0.015,2003,106,0.007
2009,62,5.39,2009,62,0.65,2003,22,0.09,2003,119,0.02,2003,274,0.009,2003,119,0.004
2009,96,2.92,2009,96,0.95,2003,36,0.06,2003,134,0.14,2003,288,0.006,2003,134,0.019
2009,127,2.47,2009,127,0.97,2003,50,0.02,2003,148,0.13,2003,316,0.015,2003,148,0.018
2009,152,3.05,2009,152,0.84,2003,134,0.24,2003,162,0.09,2003,331,0.01,2003,162,0.013
2009,194,4.91,2009,194,1.45,2003,148,0.17,2003,176,0.06,2003,346,0.014,2003,176,0.008
2009,223,2.75,2009,223,1.26,2003,162,0.11,2003,190,0.09,2003,361,0.011,2003,190,0.013
2009,314,3.98,2009,257,1.13,2003,176,0.04,2003,204,0.05,2004,11,0.016,2003,204,0.007
2010,11,1.8,2009,278,0.84,2003,190,0.04,2003,218,0.06,2004,26,0.009,2003,218,0.008
2010,41,2.51,2009,314,1.2,2003,204,0.04,2003,232,0.03,2004,41,0.006,2003,232,0.005
2010,67,1.51,2009,341,3.83,2003,218,0.13,2003,246,0.03,2004,56,0.011,2003,246,0.004
2010,96,4.51,2010,11,1.73,2003,232,0.16,2003,260,0.03,2004,71,0.004,2003,260,0.004
2010,130,4.33,2010,67,1.08,2003,246,0.15,2003,274,0.02,2004,144,0.033,2003,274,0.003
2010,158,3.64,2010,96,1.7,2003,260,0.11,2003,288,0.02,2004,151,0.029,2003,288,0.003
2010,215,1.97,2010,130,1.61,2003,274,0.07,2003,316,0.05,2004,162,0.013,2003,316,0.007
2010,257,1.99,2010,158,0.21,2003,288,0.04,2003,331,0.03,2004,176,0.013,2003,331,0.004
2010,276,1.66,2010,215,1.22,2003,316,0.1,2003,346,0.03,2004,190,0.015,2003,346,0.003
2010,312,2.75,2010,257,2.82,2003,331,0.07,2003,361,0.04,2004,204,0.016,2003,361,0.006
2010,341,1.28,2010,276,1.92,2003,346,0.09,2004,11,0.09,2004,218,0.017,2004,11,0.012
2011,10,2.34,2010,312,1.56,2003,361,0.07,2004,26,0.05,2004,232,0.01,2004,26,0.007
2011,38,3.3,2010,341,0.7,2004,11,0.11,2004,41,0.05,2004,245,0.01,2004,41,0.007
2011,73,2.8,2011,10,0.65,2004,26,0.06,2004,56,0.16,2004,260,0.003,2004,56,0.021
2011,101,6.26,2011,38,0.45,2004,41,0.04,2004,71,0.09,2004,274,0.002,2004,71,0.012
2011,125,4.91,2011,73,0.52,2004,56,0.07,2004,86,0.15,2004,288,0,2004,86,0.021
2011,159,2.15,2011,101,0.48,2004,71,0.03,2004,101,0.11,2004,300,0.002,2004,101,0.016
2011,189,2.22,2011,125,0.58,2004,144,0.22,2004,116,0.06,2004,322,0.01,2004,116,0.009
2011,220,3.05,2011,159,0.71,2004,151,0.2,2004,144,0.14,2004,336,0.015,2004,144,0.022
2011,248,4.22,2011,189,1.45,2004,162,0.09,2004,151,0.15,2004,350,0.008,2004,151,0.024
2011,276,3.43,2011,220,1.09,2004,176,0.09,2004,176,0.03,2004,364,0.012,2004,176,0.004
2011,312,2.08,2011,248,1.07,2004,190,0.1,2004,190,0.04,2005,12,0.02,2004,190,0.007
2012,9,2.04,2011,276,0.66,2004,204,0.11,2004,204,0.05,2005,26,0.016,2004,204,0.007
2012,37,2.65,2011,312,0.5,2004,218,0.12,2004,218,0.04,2005,41,0.006,2004,218,0.005
2012,75,0.9,2012,9,1.89,2004,232,0.07,2004,232,0.05,2005,54,0.006,2004,232,0.007
2012,100,3.4,2012,37,1.25,2004,246,0.07,2004,260,0.05,2005,68,0.004,2004,260,0.008
2012,131,1.76,2012,75,1.09,2004,260,0.02,2004,274,0.02,2005,82,0.008,2004,274,0.003
2012,207,2.78,2012,100,0.88,2004,274,0.01,2004,288,0.01,2005,96,0.011,2004,288,0.002
2012,226,1.44,2012,131,0.78,2004,288,0,2004,300,0.04,2005,110,0.023,2004,300,0.006
2012,253,1.54,2012,207,1.13,2004,300,0.01,2004,322,0.03,2005,123,0.012,2004,322,0.004
2012,283,3.63,2012,226,1.17,2004,322,0.07,2004,336,0.03,2005,144,0.016,2004,336,0.005
2012,312,2.32,2012,253,0.86,2004,336,0.1,2004,350,0.02,2005,159,0.01,2004,350,0.003
2012,337,2.98,2012,283,0.83,2004,350,0.06,2004,364,0.02,2005,173,0.009,2004,364,0.003
2013,63,2.23,2012,312,1.04,2004,364,0.08,2005,12,0.04,2005,186,0.008,2005,12,0.004
2013,99,3.82,2012,337,0.61,2005,12,0.14,2005,26,0.02,2005,200,0.009,2005,26,0.001
2013,134,2.15,2013,63,1.05,2005,26,0.11,2005,41,0.01,2005,215,0.003,2005,41,0.001
2013,162,2.77,2013,99,1.57,2005,41,0.04,2005,159,0.02,2005,229,0.012,2005,144,0.006
2013,192,2.16,2013,134,1.23,2005,55,0.04,2005,173,0.03,2005,242,0.004,2005,159,0.002
2013,225,2.4,2013,162,0.91,2005,68,0.03,2005,186,0.02,2005,256,0.005,2005,173,0.005
2013,253,1.84,2013,192,1.04,2005,82,0.05,2005,200,0.03,2005,271,0.006,2005,186,0.003
2013,281,3.57,2013,225,0.99,2005,96,0.07,2005,215,0.01,2005,285,0.004,2005,200,0.004
2013,311,1.76,2013,253,0.86,2005,111,0.16,2005,229,0.03,2005,299,0.002,2005,215,0.002
2013,337,2.11,2013,281,0.89,2005,123,0.08,2005,242,0.02,2005,308,0.001,2005,229,0.004
2014,13,1.4,2013,311,1.33,2005,145,0.1,2005,256,0.03,2005,350,0.003,2005,242,0.004
2014,34,4.94,2013,337,0.4,2005,159,0.07,2005,271,0.13,2005,357,0.007,2005,256,0.004
2014,90,3.25,2014,13,0.38,2005,173,0.05,2005,285,0.07,2005,364,0.012,2005,271,0.018
2014,131,5.02,2014,34,0.41,2005,186,0.05,2005,299,0.02,2006,6,0.016,2005,285,0.011
2014,163,3.35,2014,90,1.02,2005,200,0.05,2005,308,0.03,2006,16,0.018,2005,299,0.002
2014,245,1.68,2014,131,0.99,2005,215,0.02,2005,350,0.09,2006,30,0.007,2005,308,0.005
2014,279,3.12,2014,163,1.48,2005,229,0.08,2005,357,0.07,2006,44,0.014,2005,350,0.011
2014,313,1.98,2014,245,0.59,2005,242,0.03,2005,364,0.07,2006,58,0.007,2005,357,0.01
2014,347,2.3,2014,279,0.82,2005,256,0.03,2006,6,0.1,2006,72,0.005,2005,364,0.01
2015,49,3.63,2014,313,0.67,2005,271,0.04,2006,16,0.12,2006,86,0.002,2006,6,0.015
2015,73,3.56,2014,347,0.99,2005,285,0.02,2006,30,0.08,2006,100,0.004,2006,16,0.017
2015,103,4.71,2015,49,0.8,2005,299,0.01,2006,44,0.12,2006,114,0.006,2006,30,0.012
2015,208,5.5,2015,73,0.5,2005,308,0.01,2006,58,0.18,2006,125,0.008,2006,44,0.016
2015,229,3.92,2015,103,0.61,2005,350,0.02,2006,72,0.21,2006,143,0.012,2006,58,0.025
2015,252,3.53,2015,229,1.07,2005,357,0.06,2006,143,0.02,2006,157,0.02,2006,72,0.028
2015,319,3.02,2015,252,1.11,2005,364,0.09,2006,157,0.06,2006,171,0.023,2006,143,0.003
2016,91.75,3.53,2015,319,0.5,2006,6,0.12,2006,171,0.03,2006,185,0.012,2006,157,0.009
2016,262.75,2.08,2015,342,0.64,2006,16,0.14,2006,185,0.01,2006,199,0.013,2006,171,0.004
2016,354.75,1.2,2016,12,0.62,2006,30,0.06,2006,199,0.03,2006,213,0.012,2006,185,0.001
2017,11.5,3.21,2016,92,0.64,2006,44,0.1,2006,213,0.04,2006,227,0.009,2006,199,0.004
,,,2016,136,1.27,2006,58,0.05,2006,227,0.06,2006,241,0.004,2006,213,0.006
,,,2016,263,0.46,2006,72,0.04,2006,241,0.05,2006,255,0.006,2006,227,0.008
,,,2016,355,0.64,2006,86,0.01,2006,255,0.02,2006,269,0.007,2006,241,0.006
,,,2017,11,0.69,2006,100,0.03,2006,269,0.02,2006,283,0.004,2006,255,0.003
,,,,,,2006,114,0.04,2006,283,0.01,2006,297,0.013,2006,269,0.003
,,,,,,2006,125,0.06,2006,297,0.11,2006,307,0.021,2006,283,0.002
,,,,,,2006,143,0.08,2006,307,0.03,2006,318,0.003,2006,297,0.015
,,,,,,2006,157,0.13,2006,318,0.02,2006,332,0.002,2006,307,0.005
,,,,,,2006,171,0.14,2006,332,0.02,2006,346,0.004,2006,318,0.003
,,,,,,2006,185,0.07,2006,346,0.02,2006,360,0.008,2006,332,0.002
,,,,,,2006,199,0.08,2006,360,0.03,2007,9,0.006,2006,346,0.003
,,,,,,2006,213,0.08,2007,9,0.03,2007,23,0.008,2006,360,0.004
,,,,,,2006,227,0.06,2007,23,0.07,2007,37,0.006,2007,9,0.005
,,,,,,2006,241,0.02,2007,37,0.05,2007,51,0.025,2007,23,0.009
,,,,,,2006,255,0.04,2007,51,0.13,2007,65,0.005,2007,37,0.006
,,,,,,2006,269,0.04,2007,65,0.05,2007,79,0.009,2007,51,0.018
,,,,,,2006,283,0.02,2007,79,0.04,2007,93,0.007,2007,65,0.007
,,,,,,2006,297,0.08,2007,93,0.13,2007,107,0.005,2007,79,0.005
,,,,,,2006,307,0.14,2007,107,0.05,2007,142,0.032,2007,93,0.018
,,,,,,2006,318,0.03,2007,121,0.03,2007,156,0.02,2007,107,0.006
,,,,,,2006,332,0.02,2007,142,0.05,2007,170,0.019,2007,121,0.004
,,,,,,2006,346,0.03,2007,156,0.08,2007,184,0.02,2007,142,0.007
,,,,,,2006,360,0.06,2007,170,0.02,2007,198,0.012,2007,156,0.01
,,,,,,2007,9,0.04,2007,184,0.05,2007,212,0.012,2007,170,0.003
,,,,,,2007,23,0.05,2007,198,0.05,2007,226,0.014,2007,184,0.007
,,,,,,2007,37,0.05,2007,340,0.05,2007,240,0.006,2007,198,0.007
,,,,,,2007,51,0.18,2007,352,0.08,2007,254,0.009,2007,340,0.007
,,,,,,2007,65,0.04,2008,1,0.09,2007,268,0.011,2007,352,0.011
,,,,,,2007,79,0.06,2008,13,0.07,2007,282,0.001,2008,1,0.013
,,,,,,2007,93,0.05,2008,26,0.12,2007,296,0.007,2008,13,0.01
,,,,,,2007,107,0.04,2008,39,0.08,2007,340,0.011,2008,26,0.018
,,,,,,2007,142,0.21,2008,52,0.13,2007,352,0.012,2008,39,0.012
,,,,,,2007,156,0.15,2008,65,0.06,2008,1,0.014,2008,52,0.019
,,,,,,2007,170,0.12,2008,78,0.05,2008,13,0.017,2008,65,0.008
,,,,,,2007,184,0.13,2008,91,0.09,2008,26,0.008,2008,78,0.008
,,,,,,2007,198,0.08,2008,104,0.14,2008,325,0.007,2008,91,0.012
,,,,,,2007,212,0.08,2008,117,0.06,2008,339,0.008,2008,104,0.02
,,,,,,2007,226,0.1,2008,129,0.05,2008,353,0.007,2008,117,0.008
,,,,,,2007,240,0.05,2008,151,0.09,2009,1,0.004,2008,129,0.008
,,,,,,2007,254,0.06,2008,158,0.09,2009,15,0.005,2008,151,0.014
,,,,,,2007,268,0.08,2008,165,0.03,2009,30,0.013,2008,158,0.011
,,,,,,2007,282,0.01,2008,176,0.06,2009,315,0.003,2008,165,0.004
,,,,,,2007,296,0.05,2008,190,0.03,2009,329,0.005,2008,176,0.007
,,,,,,2007,340,0.08,2008,204,0.02,2009,342,0.005,2008,190,0.004
,,,,,,2007,352,0.09,2008,218,0.03,2009,356,0.01,2008,204,0.003
,,,,,,2008,1,0.09,2008,232,0.05,2010,5,0.005,2008,218,0.004
,,,,,,2008,13,0.11,2008,246,0.03,2010,19,0.005,2008,232,0.007
,,,,,,2008,26,0.05,2008,260,0.02,2010,33,0.004,2008,246,0.003
,,,,,,2008,325,0.06,2008,274,0.04,2010,47,0.008,2008,260,0.003
,,,,,,2008,339,0.06,2008,288,0.01,2010,61,0.004,2008,274,0.004
,,,,,,2008,353,0.06,2008,301,0.01,2010,75,0.004,2008,288,0.002
,,,,,,2009,1,0.03,2008,325,0.02,2010,89,0.004,2008,301,0.001
,,,,,,2009,15,0.03,2008,339,0.01,2010,103,0.004,2008,325,0.003
,,,,,,2009,30,0.08,2008,353,0.04,2010,116,0.003,2008,339,0.001
,,,,,,2009,315,0.02,2009,1,0.03,2010,140,0.02,2008,353,0.004
,,,,,,2009,329,0.04,2009,15,0.06,2010,154,0.014,2009,1,0.003
,,,,,,2009,342,0.04,2009,30,0.09,2010,168,0.009,2009,15,0.009
,,,,,,2009,356,0.07,2009,44,0.11,2010,182,0.005,2009,30,0.013
,,,,,,2010,5,0.03,2009,58,0.07,2010,196,0.004,2009,44,0.016
,,,,,,2010,19,0.03,2009,71,0.13,2010,210,0.003,2009,58,0.009
,,,,,,2010,33,0.03,2009,85,0.18,2010,224,0.002,2009,71,0.018
,,,,,,2010,47,0.06,2009,100,0.06,2010,238,0.001,2009,85,0.025
,,,,,,2010,61,0.03,2009,114,0.07,2010,252,0.002,2009,100,0.008
,,,,,,2010,75,0.03,2009,130,0.04,2010,266,0.004,2009,114,0.01
,,,,,,2010,89,0.03,2009,315,0.02,2010,280,0.001,2009,130,0.006
,,,,,,2010,103,0.02,2009,329,0.03,2010,294,0.001,2009,315,0.003
,,,,,,2010,116,0.02,2009,342,0.02,2010,307,0.001,2009,329,0.005
,,,,,,2010,140,0.14,2009,356,0.06,2011,19,0.016,2009,342,0.004
,,,,,,2010,154,0.09,2010,5,0.05,2011,30,0.009,2009,356,0.009
,,,,,,2010,168,0.06,2010,19,0.08,2011,41,0.018,2010,5,0.008
,,,,,,2010,182,0.04,2010,33,0.1,2011,52,0.011,2010,19,0.011
,,,,,,2010,196,0.02,2010,47,0.16,2011,63,0.026,2010,33,0.016
,,,,,,2010,210,0.02,2010,61,0.09,2011,74,0.017,2010,47,0.022
,,,,,,2010,224,0.01,2010,75,0.01,2011,197,0.008,2010,61,0.011
,,,,,,2010,238,0.01,2010,89,0.02,2011,211,0.012,2010,75,0.001
,,,,,,2010,252,0.01,2010,103,0.07,2011,239,0.005,2010,89,0.004
,,,,,,2010,266,0.02,2010,116,0.01,2011,253,0.004,2010,103,0.01
,,,,,,2010,280,0.01,2010,140,0.08,2011,267,0.001,2010,116,0.002
,,,,,,2010,294,0.01,2010,154,0.03,2011,281,0.002,2010,140,0.013
,,,,,,2010,307,0.01,2010,168,0.02,2011,295,0.003,2010,154,0.005
,,,,,,2011,19,0.11,2010,182,0.02,2011,309,0.004,2010,168,0.002
,,,,,,2011,30,0.06,2010,196,0.02,2011,318,0.003,2010,182,0.003
,,,,,,2011,41,0.12,2010,210,0.02,2011,327,0.004,2010,196,0.003
,,,,,,2011,52,0.07,2010,224,0.1,2011,341,0.004,2010,210,0.003
,,,,,,2011,63,0.16,2010,238,0.04,2011,355,0.004,2010,224,0.014
,,,,,,2011,74,0.1,2010,252,0.03,2012,4,0.008,2010,238,0.006
,,,,,,2011,197,0.06,2010,266,0.04,2012,18,0.02,2010,252,0.005
,,,,,,2011,211,0.09,2010,280,0.02,2012,32,0.006,2010,266,0.006
,,,,,,2011,239,0.04,2010,294,0.02,2012,46,0.009,2010,280,0.003
,,,,,,2011,253,0.03,2010,307,0.02,2012,60,0.005,2010,294,0.002
,,,,,,2011,267,0.01,2011,19,0.13,2012,74,0.022,2010,307,0.002
,,,,,,2011,281,0.02,2011,30,0.05,2012,88,0.011,2011,19,0.019
,,,,,,2011,295,0.02,2011,41,0.09,2012,102,0.005,2011,30,0.007
,,,,,,2011,309,0.04,2011,52,0.07,2012,116,0.003,2011,41,0.013
,,,,,,2011,318,0.03,2011,63,0.14,2012,164,0.006,2011,52,0.01
,,,,,,2011,327,0.03,2011,74,0.11,2012,176,0.009,2011,63,0.021
,,,,,,2011,341,0.03,2011,197,0.04,2012,188,0.011,2011,74,0.016
,,,,,,2011,355,0.03,2011,211,0.06,2012,200,0.004,2011,197,0.005
,,,,,,2012,4,0.06,2011,239,0.08,2012,212,0.003,2011,211,0.008
,,,,,,2012,18,0.13,2011,253,0.04,2012,224,0.003,2011,239,0.011
,,,,,,2012,32,0.04,2011,267,0.01,2012,236,0.002,2011,253,0.005
,,,,,,2012,46,0.06,2011,295,0.06,2012,248,0.005,2011,267,0.002
,,,,,,2012,60,0.04,2011,309,0.06,2012,260,0.006,2011,295,0.008
,,,,,,2012,74,0.14,2011,318,0.01,2012,272,0.015,2011,309,0.007
,,,,,,2012,88,0.07,2011,327,0.01,2012,284,0.007,2011,318,0.001
,,,,,,2012,102,0.03,2011,341,0.02,2012,296,0.004,2011,327,0.002
,,,,,,2012,116,0.02,2011,355,0.02,2012,308,0.004,2011,341,0.003
,,,,,,2012,164,0.04,2012,4,0.05,2012,326,0.004,2011,355,0.002
,,,,,,2012,176,0.06,2012,164,0.04,2012,340,0.003,2012,4,0.007
,,,,,,2012,188,0.07,2012,176,0.07,2012,354,0.004,2012,164,0.005
,,,,,,2012,200,0.03,2012,326,0.01,2013,3,0.016,2012,176,0.009
,,,,,,2012,212,0.02,2012,340,0.01,2013,136,0.009,2012,326,0.002
,,,,,,2012,224,0.02,2012,354,0.01,2013,149,0.007,2012,340,0.002
,,,,,,2012,236,0.01,2013,3,0.06,2013,163,0.009,2012,354,0.002
,,,,,,2012,248,0.04,2013,136,0.03,2013,178,0.008,2013,3,0.008
,,,,,,2012,260,0.04,2013,149,0.02,2013,192,0.006,2013,136,0.005
,,,,,,2012,272,0.11,2013,163,0.03,2013,219,0.001,2013,149,0.003
,,,,,,2012,284,0.05,2013,178,0.03,2013,234,0.001,2013,163,0.005
,,,,,,2012,296,0.03,2013,192,0.02,2013,248,0.001,2013,178,0.005
,,,,,,2012,308,0.03,2013,205,0.01,2013,262,0.002,2013,192,0.003
,,,,,,2012,326,0.03,2013,219,0.01,2013,275,0.004,2013,205,0.001
,,,,,,2012,340,0.02,2013,234,0.01,2013,289,0.002,2013,219,0.001
,,,,,,2012,354,0.03,2013,248,0.01,2013,304,0.002,2013,234,0.002
,,,,,,2013,3,0.1,2013,262,0.01,2013,320,0.008,2013,248,0.001
,,,,,,2013,136,0.07,2013,275,0,2013,334,0.006,2013,262,0.002
,,,,,,2013,149,0.04,2013,289,0.02,2013,349,0.008,2013,275,0.001
,,,,,,2013,163,0.07,2013,304,0.01,2013,363,0.01,2013,289,0.003
,,,,,,2013,178,0.06,2013,320,0.03,2014,11,0.005,2013,304,0.001
,,,,,,2013,192,0.05,2013,334,0.03,2014,25,0.015,2013,320,0.005
,,,,,,2013,219,0.01,2013,349,0.04,2014,39,0.004,2013,334,0.004
,,,,,,2013,234,0.01,2013,363,0.03,2014,53,0.007,2013,349,0.005
,,,,,,2013,248,0.01,2014,11,0.03,2014,67,0.003,2013,363,0.005
,,,,,,2013,262,0.01,2014,25,0.03,2014,141,0.01,2014,11,0.005
,,,,,,2013,275,0.03,2014,141,0.06,2014,154,0.012,2014,25,0.004
,,,,,,2013,289,0.01,2014,154,0.07,2014,167,0.009,2014,141,0.009
,,,,,,2013,304,0.01,2014,167,0.02,2014,180,0.009,2014,154,0.009
,,,,,,2013,320,0.05,2014,180,0.02,2014,193,0.007,2014,167,0.004
,,,,,,2013,334,0.04,2014,193,0.02,2014,206,0.01,2014,180,0.004
,,,,,,2013,349,0.06,2014,206,0.03,2014,219,0.004,2014,193,0.002
,,,,,,2013,363,0.07,2015,231,0.04,2014,232,0.005,2014,206,0.004
,,,,,,2014,11,0.03,2015,245,0.08,2014,245,0.004,2015,231,0.006
,,,,,,2014,25,0.1,2015,259,0.02,2014,258,0.013,2015,245,0.011
,,,,,,2014,39,0.03,2015,273,0,2014,271,0.003,2015,259,0.002
,,,,,,2014,53,0.05,2015,287,0,2014,284,0.003,2015,273,0
,,,,,,2014,67,0.02,2015,301,0.01,2015,344,0.01,2015,287,0.001
,,,,,,2014,141,0.08,2015,344,0.05,2015,358,0.022,2015,301,0.002
,,,,,,2014,154,0.09,2015,358,0.11,2016,7,0.012,2015,344,0.008
,,,,,,2014,167,0.06,2016,7,0.09,2016,21,0.01,2015,358,0.015
,,,,,,2014,180,0.07,2016,21,0.07,2016,35,0.003,2016,7,0.011
,,,,,,2014,193,0.05,2016,35,0.02,2016,49,0.009,2016,21,0.011
,,,,,,2014,206,0.07,2016,49,0.04,2016,63,0.005,2016,35,0.003
,,,,,,2014,219,0.03,2016,63,0.05,2016,77,0.004,2016,49,0.005
,,,,,,2014,232,0.04,2016,77,0.04,2016,91,0.005,2016,63,0.008
,,,,,,2014,245,0.03,2016,91,0.04,2016,105,0.003,2016,77,0.006
,,,,,,2014,258,0.11,2016,105,0.03,2016,119,0.001,2016,91,0.006
,,,,,,2014,271,0.02,2016,119,0.01,2016,133,0.001,2016,105,0.005
,,,,,,2014,284,0.02,2016,133,0.01,2016,147,0,2016,119,0.001
,,,,,,2015,344,0.07,2016,147,0.01,,,,2016,133,0.001
,,,,,,2015,358,0.17,,,,,,,2016,147,0.001
,,,,,,2016,7,0.1,,,,,,,,,
,,,,,,2016,21,0.07,,,,,,,,,
,,,,,,2016,35,0.02,,,,,,,,,
,,,,,,2016,49,0.07,,,,,,,,,
,,,,,,2016,63,0.04,,,,,,,,,
,,,,,,2016,77,0.02,,,,,,,,,
,,,,,,2016,91,0.04,,,,,,,,,
,,,,,,2016,105,0.02,,,,,,,,,
,,,,,,2016,119,0.01,,,,,,,,,
,,,,,,2016,133,0.01,,,,,,,,,
,,,,,,2016,147,0,,,,,,,,,