HNF Biom 50m,HNF Biom 200m,HNF Biom 400m,HNF Biom 650m,BB - 50m,BB - 200m,BB - 400m,BB - 650m,chlax70 50m,Bact/HNF-50m,Bact/HNF-200m,Bact/HNF-400m,Bact/HNF-650m
0.83,0.11,0.07,0.10,20.12,4.95,12.17,5.43,6.59,24.20,45.45,96.34,53.42
0.83,0.52,0.07,0.10,17.01,4.93,11.87,4.80,5.23,20.46,6.49,67.01,48.07
1.20,0.65,0.08,0.10,13.42,9.54,6.68,5.03,7.00,11.19,22.62,81.13,51.12
0.26,0.05,0.08,0.10,10.81,12.47,6.34,3.75,8.26,41.50,112.08,62.65,38.36
0.16,0.04,0.07,0.10,7.70,13.98,4.75,10.42,9.20,49.30,82.34,51.19,106.43
0.54,0.12,0.07,0.10,1.26,5.34,6.11,3.43,29.26,2.34,44.03,55.50,34.86
2.96,0.11,0.08,0.10,1.44,3.17,4.71,2.76,11.41,0.49,46.02,50.67,27.49
1.18,0.10,0.06,0.11,0.82,2.96,3.74,0.50,4.77,0.69,38.77,136.73,4.40
0.64,0.31,0.06,0.95,3.92,4.38,4.08,3.80,8.40,6.16,25.56,86.82,3.99
0.46,0.05,0.06,0.95,5.58,3.60,3.90,3.84,10.50,12.15,115.48,128.82,4.03
0.70,0.94,0.11,0.96,25.44,3.78,8.78,3.69,12.60,36.54,5.98,25.36,3.84
0.70,0.36,0.11,0.97,25.87,2.79,5.21,3.56,26.60,37.16,30.99,44.22,3.67
0.45,0.15,0.10,0.97,11.05,8.98,7.57,3.92,7.00,24.69,182.41,61.29,4.03
0.30,0.15,0.10,0.97,3.77,3.65,2.86,2.64,7.00,12.64,25.57,42.10,2.73
0.10,0.75,0.10,0.94,3.88,3.31,4.76,2.01,2.80,38.93,4.94,32.82,2.13
0.45,0.60,0.11,0.87,2.75,2.17,6.32,0.49,0.70,6.13,5.72,170.70,0.56
0.39,0.05,0.11,0.06,22.84,8.99,4.30,2.95,98.00,58.88,72.72,168.93,49.09
0.39,0.39,0.11,0.07,7.98,4.79,3.35,6.49,95.90,20.59,7.75,48.58,97.72
0.44,0.68,0.72,0.08,8.51,6.63,8.35,2.93,93.43,19.48,4.73,12.34,39.06
0.44,0.15,0.83,0.08,6.52,10.18,7.84,2.15,122.03,14.93,28.17,7.81,27.39
0.15,0.05,0.88,0.08,3.56,8.46,18.30,3.00,35.20,24.47,56.29,4.84,36.30
0.70,0.27,0.91,0.09,39.20,2.27,17.87,0.99,6.84,56.34,10.95,4.69,10.63
0.32,0.18,0.05,0.10,45.75,1.22,5.12,7.88,3.62,144.70,9.40,81.81,82.14
0.33,0.59,0.05,0.09,12.38,1.60,8.84,7.88,3.00,37.68,9.96,44.90,83.12
0.57,0.14,0.06,0.09,6.62,4.62,6.46,8.85,47.89,11.61,28.92,111.42,63.04
1.48,0.14,0.09,0.09,13.29,5.02,4.26,7.71,67.20,9.01,17.17,112.42,54.76
2.59,0.32,0.09,0.09,7.86,4.66,4.28,7.47,49.30,3.04,6.66,146.09,60.46
1.52,0.64,0.44,0.09,13.29,4.55,3.73,7.07,81.90,8.73,4.75,10.80,51.59
2.31,0.77,1.74,0.08,8.46,15.82,2.22,10.97,16.71,3.66,22.78,12.48,53.54
0.23,0.54,3.22,0.08,3.03,9.64,6.29,7.10,8.46,13.10,7.87,6.22,51.99
0.23,7.72,2.04,0.08,1.75,6.12,5.84,4.98,3.62,7.59,0.67,8.30,69.72
0.28,0.57,1.26,0.08,2.27,6.76,10.47,6.85,1.96,8.21,11.41,9.80,68.46
0.72,0.88,1.45,0.08,54.82,7.47,10.23,5.46,224.70,75.71,5.50,11.28,108.53
0.54,0.88,0.63,0.08,13.14,14.37,12.57,4.76,195.95,24.14,3.53,20.35,78.99
1.29,4.75,1.52,0.84,10.03,17.94,4.80,5.24,191.25,7.75,1.06,4.93,10.17
0.82,1.25,1.60,0.84,9.45,16.98,21.77,4.43,36.61,11.53,14.58,4.81,11.11
0.45,1.25,1.62,0.65,10.96,12.28,20.06,4.53,8.11,24.18,5.18,5.59,11.98
0.64,5.27,1.08,0.60,7.55,10.24,16.90,4.32,4.13,11.89,0.85,4.24,12.99
0.59,0.82,6.20,4.32,7.24,13.04,12.36,5.73,3.38,12.28,9.04,1.49,2.26
1.59,0.37,3.30,6.04,22.85,3.73,16.40,5.60,4.19,14.39,8.04,1.64,1.28
1.89,0.53,0.04,3.88,33.18,4.41,12.82,8.75,181.87,17.52,4.04,131.06,2.14
1.41,0.49,4.59,1.76,9.19,3.41,7.49,6.16,294.80,6.52,3.76,2.39,6.34
1.15,0.56,2.43,2.30,9.03,14.75,7.70,8.50,561.37,7.85,2.82,2.64,4.52
0.75,0.68,3.28,3.13,7.88,8.29,9.05,9.29,373.12,10.50,5.10,1.32,2.42
11.08,0.16,2.04,2.26,36.39,5.22,4.60,7.76,220.00,3.28,26.31,9.00,2.36
17.86,1.05,4.21,3.19,40.32,3.69,9.27,7.81,17.59,2.26,4.23,4.01,2.20
16.90,0.39,6.18,1.64,26.26,2.50,5.41,9.75,4.79,1.55,15.60,2.13,4.99
0.25,0.20,3.41,1.16,15.18,2.42,4.63,7.74,2.62,59.97,27.12,2.67,6.33
1.06,0.35,5.61,1.94,16.82,17.76,10.98,8.32,450.85,15.93,15.29,1.65,4.35
0.64,2.65,1.86,2.99,5.56,5.17,6.41,11.18,406.27,8.74,2.96,4.28,1.18
0.72,0.29,2.34,2.37,12.89,4.92,4.34,10.38,136.11,17.94,22.28,3.05,2.14
3.89,0.66,2.55,4.90,3.39,4.04,18.32,7.58,9.08,0.87,19.02,4.50,1.68
1.97,0.24,1.97,2.75,27.11,7.98,16.86,5.33,7.26,13.74,1.66,5.27,3.68
2.34,0.97,2.85,4.31,19.62,14.18,13.15,7.02,8.37,8.39,2.11,2.69,1.61
2.59,0.36,0.23,1.97,14.46,6.01,9.11,8.17,4.61,5.59,27.57,36.04,2.35
0.66,0.43,4.11,2.26,12.55,5.63,9.25,7.36,3.21,19.14,66.31,1.77,1.95
0.62,0.47,4.04,5.67,9.15,11.04,7.94,8.45,21.00,14.81,51.62,1.70,0.83
1.61,0.23,3.16,5.24,25.21,27.82,7.14,3.54,24.50,15.69,8.25,2.50,0.61
0.32,1.46,3.06,4.08,4.94,3.90,11.48,5.06,73.50,15.39,1.62,3.56,0.82
2.38,1.20,6.07,5.54,22.97,3.69,10.41,8.26,33.60,9.65,3.55,0.67,1.18
2.42,0.06,7.23,7.54,19.64,2.55,7.65,10.12,39.20,8.11,4.86,1.01,1.16
0.82,0.03,10.93,8.04,10.67,3.41,8.29,6.93,2.80,13.06,1.48,0.68,1.00
0.70,0.09,1.38,5.53,6.63,3.62,7.28,4.63,4.90,9.41,23.12,4.14,1.23
0.92,0.21,7.40,1.35,5.84,3.01,6.86,4.39,1.40,18.55,31.33,1.23,3.79
1.03,0.98,16.48,1.64,4.28,3.21,7.90,5.00,14.51,5.37,16.89,0.30,4.24
0.45,0.99,9.24,1.32,4.09,19.97,10.90,4.87,13.87,8.45,55.54,0.77,13.66
0.46,1.20,13.26,2.96,4.47,4.09,4.04,4.72,11.52,5.13,158.50,0.38,9.69
0.80,1.10,11.25,2.21,3.89,2.73,7.27,3.17,28.16,3.28,16.16,0.36,1.88
1.07,0.04,11.66,1.61,2.67,2.92,7.47,3.32,40.48,12.96,130.13,0.45,4.74
1.06,0.06,2.28,2.01,1.71,7.67,5.73,6.54,13.12,15.19,50.47,6.90,3.79
0.68,0.11,0.39,2.18,2.67,1.72,9.08,8.73,11.78,6.62,4.11,19.89,1.18
0.67,0.04,3.84,1.87,1.66,5.91,4.94,8.00,6.59,4.33,15.12,1.04,0.60
0.22,0.09,3.44,1.01,2.22,4.00,7.11,6.79,10.87,26.44,5.70,0.75,10.10
0.34,0.09,6.27,1.27,3.70,6.32,4.99,5.13,10.30,15.09,10.17,0.65,4.82
0.64,0.03,2.16,1.05,4.34,2.38,4.05,6.97,10.11,5.82,16.29,2.22,4.70
1.38,0.03,1.11,1.21,1.81,2.15,5.28,18.04,28.60,2.85,24.24,5.03,3.66
0.29,0.35,2.02,0.18,4.34,3.02,15.75,28.68,27.43,49.26,7.88,9.50,18.22
0.26,0.10,4.44,0.23,2.89,17.57,7.76,4.16,18.48,66.89,3.33,1.90,30.55
0.04,0.31,2.28,0.41,17.01,8.00,3.99,7.62,8.74,345.07,1.06,3.07,402.57
0.03,0.21,3.00,0.60,5.52,4.29,2.60,7.62,1.01,146.11,36.69,2.46,17.98
0.17,0.11,5.08,0.34,3.82,5.16,4.08,2.58,11.81,279.10,10.15,0.75,52.84
0.07,0.13,2.52,0.11,2.36,11.09,4.80,1.12,12.51,421.82,18.69,1.59,68.72
0.22,0.40,2.00,0.01,2.61,6.54,5.57,2.26,10.56,46.43,1.85,1.64,41.70
0.11,0.59,1.13,0.15,13.84,12.25,19.22,1.17,16.29,64.44,7.63,5.81,947.18
0.02,0.98,0.77,0.12,16.10,4.86,8.44,7.73,8.85,349.02,5.59,23.56,221.80
0.26,0.17,0.68,0.10,4.52,3.12,7.01,4.33,34.98,72.85,0.21,7.74,274.75
0.06,0.51,0.82,0.15,2.90,5.03,7.38,3.81,7.27,141.16,0.64,8.11,25.99
0.02,0.11,0.86,,5.92,4.67,3.80,3.92,11.14,306.45,0.24,7.15,352.11
0.01,0.91,0.83,0.02,4.44,18.30,4.01,3.61,13.30,2023.46,0.23,22.09,165.26
0.14,0.90,0.88,0.01,3.62,12.87,3.27,3.33,14.00,111.36,0.10,17.71,322.96
0.18,0.50,0.53,0.11,1.32,6.50,4.11,4.44,14.00,93.88,1.05,17.37,6.27
0.84,7.96,0.58,0.01,3.12,3.13,10.95,15.15,19.60,19.24,0.43,13.28,5.54
0.57,7.31,0.12,0.04,5.91,4.46,34.56,11.13,58.80,22.43,1.03,48.94,2.91
0.70,9.39,0.24,0.01,5.07,7.44,0.98,14.55,34.30,12.18,1.09,73.98,5.34
0.33,6.20,0.11,0.78,3.71,2.97,4.23,10.15,4.20,16.54,0.78,140.67,5.40
0.39,16.58,0.24,0.74,3.93,4.28,4.99,10.61,2.10,9.74,0.57,95.99,3.39
0.99,4.87,0.16,0.79,3.76,2.16,3.74,6.13,21.00,5.72,236.66,93.72,3.41
0.50,7.97,0.11,0.64,4.70,1.85,3.48,4.96,18.90,8.74,28.70,145.86,3.59
0.47,4.43,0.06,0.72,2.98,1.58,7.61,4.44,19.60,16.50,11.93,270.86,27.05
0.15,6.38,0.20,0.99,2.51,0.92,8.69,6.59,277.90,28.81,96.24,80.24,77.41
0.10,7.18,0.19,0.88,12.54,3.48,7.93,4.56,28.00,37.98,50.65,58.37,8.24
0.74,8.77,0.16,0.84,3.09,4.23,4.41,6.71,10.50,53.83,7.46,18.86,10.98
0.47,0.03,0.24,0.11,2.44,4.42,6.55,6.20,6.30,34.98,4.13,62.75,8.36
0.39,0.20,0.72,0.06,2.87,8.95,18.08,5.16,2.80,7.96,2.76,37.71,4.50
0.20,0.28,0.88,0.58,1.55,6.09,5.23,5.34,14.70,14.79,5.45,12.38,3.31
0.75,0.17,0.13,0.34,7.55,5.29,6.67,6.40,13.30,9.08,5.45,22.26,5.08
0.54,0.32,0.09,0.46,8.60,5.37,5.19,7.92,9.80,6.25,4.90,34.87,0.26
0.40,0.61,0.06,0.66,4.18,7.84,6.12,4.38,30.80,7.06,11.30,141.14,0.32
0.33,2.13,0.09,1.15,3.86,8.36,18.23,6.40,28.00,11.27,2.59,48.98,0.17
0.21,1.85,0.07,0.49,2.88,5.09,15.58,9.11,4.90,15.53,25.59,101.08,0.18
1.48,0.61,0.12,11.02,14.37,10.84,24.23,4.07,7.70,31.26,19.29,78.95,0.64
1.31,2.93,0.24,12.63,17.20,6.76,4.75,5.21,1.40,1.07,11.63,31.57,0.55
14.02,1.60,0.16,15.98,13.80,6.80,7.72,7.97,349.30,0.68,1.85,62.86,0.41
15.39,0.89,0.18,9.93,5.02,6.16,9.20,6.65,395.50,0.85,27.54,84.68,0.27
12.52,2.49,0.19,17.59,48.64,4.59,7.72,7.27,217.00,0.20,19.19,54.03,0.85
16.89,0.44,0.12,19.59,32.17,4.59,5.85,6.20,240.10,0.11,25.24,61.28,0.60
15.78,0.65,0.13,17.73,10.87,6.96,17.45,3.42,12.60,0.18,22.96,45.05,0.89
13.37,0.70,0.08,13.91,7.37,4.87,14.91,4.09,4.20,0.13,17.59,95.98,1.10
21.34,0.54,0.12,10.19,6.89,6.47,23.19,2.68,1.40,0.40,1.96,44.90,0.84
6.10,0.31,0.25,8.69,25.00,6.51,10.75,6.51,1.40,0.34,5.50,26.41,0.05
7.76,0.27,0.29,5.55,52.16,4.46,7.90,6.66,83.16,1.23,12.59,14.93,0.13
7.22,0.29,0.02,3.50,3.53,7.04,10.32,6.21,70.99,0.80,3.68,470.24,0.12
10.17,0.29,0.04,4.31,2.45,5.26,6.27,4.24,87.41,0.30,7.83,340.44,0.46
9.47,0.45,0.04,4.39,46.54,26.64,4.77,4.73,51.41,627.91,6.05,258.36,1.47
0.08,2.66,0.10,2.66,30.78,2.22,17.89,5.23,18.49,312.00,2.80,71.14,3.13
0.08,1.80,0.08,2.37,10.40,1.36,15.22,4.39,6.57,2.52,2.15,39.11,8.25
4.76,1.96,0.07,8.35,7.05,2.09,16.04,4.10,6.50,13.25,6.62,56.85,7.48
1.75,2.08,0.04,3.85,6.60,2.42,16.46,3.82,4.15,8.42,11.88,102.69,3.89
1.53,1.07,0.05,1.62,18.99,2.53,16.31,4.82,140.00,50.84,18.45,100.26,2.91
0.45,1.01,0.03,1.71,8.70,2.65,11.16,3.47,128.10,2.77,5.47,127.74,1.97
2.87,2.55,0.02,0.74,7.26,1.93,3.06,2.69,213.50,2.85,3.78,245.71,1.55
3.31,2.26,0.74,1.27,3.27,3.75,15.05,2.69,80.50,1.26,3.03,5.06,1.07
4.66,1.70,0.83,1.78,3.50,1.63,27.17,4.98,30.10,2.31,2.34,6.20,1.14
2.52,0.38,0.85,2.30,2.69,2.33,10.84,2.15,19.60,8.16,0.84,5.05,7.74
1.29,0.29,0.81,1.08,2.10,2.21,3.00,4.63,13.30,10.33,1.98,20.73,9.03
0.79,1.01,0.22,1.43,7.94,2.17,3.25,3.35,7.00,3.86,149.42,69.33,7.22
1.05,1.29,0.32,1.39,3.31,4.24,8.99,2.96,200.20,2.40,55.56,22.77,5.48
1.12,2.94,0.48,0.47,2.74,3.98,6.24,2.96,213.50,3.16,37.77,23.46,4.80
2.59,1.33,0.62,0.28,1.26,4.28,17.13,5.52,224.70,7.12,16.75,17.08,1.20
2.20,1.16,0.70,0.26,2.51,0.77,14.35,4.90,112.70,1.52,14.60,9.19,1.28
6.75,2.12,0.08,1.85,5.85,1.46,8.93,3.31,11.90,1.54,,79.58,1.55
7.84,0.08,0.42,2.35,4.86,2.92,8.37,4.78,4.20,4.34,,14.40,1.21
1.20,0.14,0.10,5.67,2.43,2.68,4.36,5.18,4.20,2.32,,51.42,1.02
1.90,0.19,0.39,3.62,2.76,1.84,7.49,3.38,4.20,5.93,,29.11,4.42
1.22,0.11,0.12,2.30,2.21,1.73,9.36,3.50,105.00,9.38,,64.02,6.40
1.09,0.17,0.10,3.18,17.35,2.28,7.72,6.15,121.80,67.58,,82.87,5.46
1.54,0.42,0.64,8.68,15.78,4.71,9.78,6.94,85.40,95.49,,8.08,3.15
0.07,0.25,0.43,2.72,16.93,1.69,14.90,4.76,42.00,26.33,,10.63,5.38
0.09,0.34,0.43,1.28,12.09,1.59,10.01,4.87,17.50,139.98,,26.99,129.12
0.13,,1.02,1.75,16.12,3.49,7.53,4.13,7.70,118.08,,3.56,131.31
0.16,,0.66,2.23,12.74,5.81,7.72,2.29,6.30,87.14,,7.46,20.80
0.17,,0.76,2.15,8.57,1.62,15.99,3.44,5.60,66.95,,3.79,10.85
0.07,,0.70,0.08,5.42,1.42,9.94,3.90,21.00,377.88,,14.18,13.84
0.05,,0.69,0.06,3.83,1.52,5.55,3.34,18.90,293.35,,7.32,15.47
0.06,,0.70,0.08,2.88,3.67,3.49,3.01,22.40,125.42,,5.60,
0.06,,0.89,0.12,4.11,9.80,7.30,3.01,23.80,57.75,,3.17,
0.06,,8.53,0.11,2.47,8.08,7.63,3.01,24.50,63.96,,2.71,
0.12,,9.49,0.14,2.88,6.01,6.06,4.77,16.80,27.09,,2.79,
0.12,,10.45,2.85,28.11,1.25,8.08,4.55,9.80,13.59,,2.41,
0.11,,11.41,3.38,25.50,1.35,5.59,2.82,7.70,33.49,,2.17,
0.12,,16.76,1.88,13.65,0.96,6.58,4.01,22.40,,,0.21,
0.95,,11.36,2.48,1.61,1.80,4.28,4.15,29.40,,,0.44,
,,15.81,1.24,11.04,1.94,7.45,4.76,42.70,,,0.38,
,,6.18,1.28,4.90,1.38,8.91,3.70,17.50,,,1.05,
,,10.93,,2.50,1.38,5.66,3.81,7.70,,,0.83,
,,5.13,,2.30,1.81,5.03,2.96,6.30,,,2.33,
,,6.85,,2.40,2.34,4.26,3.81,2.10,,,1.94,
,,13.85,,23.02,2.98,12.41,2.47,2.10,,,0.69,
,,5.36,,40.97,2.25,12.23,2.47,14.00,,,1.56,
,,23.39,,27.25,3.08,9.86,7.47,14.00,,,0.29,
,,23.82,,7.76,2.37,5.79,4.43,28.00,,,0.41,
,,10.78,,4.20,14.99,7.93,3.55,48.30,,,0.72,
,,9.14,,1.46,1.38,10.04,3.06,24.50,,,0.89,
,,8.79,,1.37,1.81,14.56,0.10,16.10,,,0.70,
,,9.36,,1.28,2.93,9.46,5.67,8.40,,,1.00,
,,12.62,,20.44,5.45,6.95,3.46,4.20,,,0.24,
,,6.73,,2.88,6.20,3.22,3.56,7.70,,,0.32,
,,16.94,,1.48,8.95,3.99,2.90,7.00,,,0.13,
,,14.32,,1.40,10.10,4.39,3.84,9.80,,,0.55,
,,12.62,,15.05,1.72,4.59,3.46,9.80,,,0.43,
,,0.26,,10.51,1.81,4.29,3.01,11.90,,,173.09,
,,0.36,,10.60,1.23,5.25,4.01,14.70,,,49.28,
,,0.79,,3.33,1.89,3.72,3.55,3.50,,,30.34,
,,0.61,,1.80,3.91,5.15,6.10,4.20,,,15.07,
,,1.35,,4.09,1.52,4.29,3.31,7.50,,,9.04,
,,2.00,,3.03,1.44,16.81,3.31,8.40,,,3.65,
,,2.02,,3.27,1.44,15.45,5.16,10.50,,,3.63,
,,2.53,,1.72,5.04,7.27,4.82,23.10,,,2.96,
,,2.72,,2.57,1.78,11.18,4.00,22.26,,,2.54,
,,4.02,,2.72,2.17,10.54,2.64,63.52,,,5.44,
,,3.74,,9.57,1.86,6.43,1.79,7.86,,,3.55,
,,0.07,,1.48,3.54,6.70,2.58,3.10,,,89.64,
,,0.11,,1.40,3.11,5.99,2.74,12.21,,,57.74,
,,1.07,,2.19,3.18,5.09,1.83,11.73,,,12.21,
,,2.06,,2.65,1.97,11.31,6.99,11.90,,,8.00,
,,2.79,,1.89,6.20,7.88,3.85,19.60,,,5.15,
,,6.75,,1.29,2.36,8.65,4.40,62.17,,,1.97,
,,1.91,,1.36,1.03,9.89,36.07,6.00,,,7.05,
,,2.47,,16.33,2.58,5.18,3.46,1.57,,,3.61,
,,0.51,,1.69,3.82,4.59,3.23,1.50,,,7.14,
,,2.81,,1.77,6.01,3.14,5.29,62.85,,,2.04,
,,5.39,,1.84,6.12,11.65,2.65,52.83,,,1.68,
,,4.82,,12.71,5.21,3.64,4.08,107.25,,,1.12,
,,6.64,,3.95,2.12,4.96,4.08,52.50,,,1.54,
,,7.61,,1.58,1.69,2.89,10.26,32.04,,,1.10,
,,7.39,,3.02,6.84,9.96,25.44,19.90,,,0.63,
,,10.45,,2.51,1.83,5.06,7.68,6.91,,,0.67,
,,9.28,,21.12,2.82,3.94,13.23,4.69,,,0.63,
,,8.20,,31.54,2.61,2.81,11.29,44.41,,,0.58,
,,1.17,,1.89,2.75,13.57,10.68,47.11,,,6.13,
,,0.46,,2.45,3.78,11.61,7.33,51.49,,,9.53,
,,0.95,,3.15,0.94,4.16,3.73,38.34,,,8.32,
,,0.46,,19.84,2.41,4.00,8.68,68.69,,,19.64,
,,1.82,,10.47,1.94,13.90,4.03,17.31,,,4.46,
,,3.07,,10.70,3.96,8.10,3.33,11.91,,,1.85,
,,2.63,,10.83,1.70,4.81,8.16,3.84,,,2.14,
,,3.51,,3.08,1.50,23.12,6.25,26.08,,,0.95,
,,0.81,,2.21,1.70,26.45,4.63,27.32,,,4.68,
,,4.16,,6.22,4.66,25.15,5.41,25.18,,,0.69,
,,0.47,,37.18,2.25,24.79,4.39,35.98,,,14.37,
,,0.53,,2.35,2.12,15.24,4.23,27.32,,,32.49,
,,0.92,,2.87,1.68,12.96,6.25,22.15,,,4.45,
,,1.83,,2.41,10.01,13.82,10.86,15.63,,,2.59,
,,1.75,,2.67,4.13,9.92,10.09,12.12,,,5.94,
,,2.14,,8.89,4.47,11.58,7.26,449.25,,,3.51,
,,1.95,,8.13,3.10,6.55,5.25,409.22,,,3.46,
,,2.04,,2.86,1.10,6.37,4.93,391.01,,,3.12,
,,1.73,,3.81,1.16,12.13,11.68,24.10,,,3.45,
,,1.30,,2.16,2.38,8.18,9.83,12.93,,,5.00,
,,1.59,,4.39,8.08,3.51,6.76,6.25,,,7.95,
,,1.43,,2.10,1.43,5.04,6.76,3.64,,,9.44,
,,1.25,,1.79,1.67,6.06,5.68,2.43,,,9.12,
,,0.54,,1.30,1.85,6.48,4.94,20.30,,,6.44,
,,0.72,,4.32,7.21,9.05,3.50,21.00,,,5.24,
,,0.73,,6.68,4.72,5.70,5.88,22.40,,,1.74,
,,0.80,,1.89,3.03,11.24,5.20,51.10,,,1.34,
,,0.64,,1.00,3.26,2.43,7.85,17.88,,,5.22,
,,0.48,,1.12,8.90,6.52,7.06,8.13,,,4.49,
,,0.45,,14.12,2.97,6.87,7.42,3.88,,,3.32,
,,2.08,,13.15,4.18,8.92,14.84,2.33,,,3.14,
,,2.65,,22.02,8.04,4.32,4.92,14.55,,,2.11,
,,2.91,,17.57,17.67,5.67,3.38,12.82,,,0.47,
,,5.93,,1.33,4.82,2.84,4.72,18.90,,,0.20,
,,5.07,,1.10,5.14,7.49,4.78,29.84,,,0.25,
,,5.11,,1.45,1.41,6.07,3.84,108.38,,,0.37,
,,3.13,,1.10,2.19,4.78,3.60,70.38,,,0.47,
,,3.31,,44.08,14.76,4.07,0.23,21.70,,,0.55,
,,6.47,,28.39,5.62,8.81,0.35,5.37,,,0.70,
,,1.64,,4.12,8.54,17.87,0.29,16.93,,,13.22,
,,3.16,,2.71,7.05,11.96,3.45,20.12,,,5.03,
,,3.66,,1.98,5.11,13.29,4.69,22.40,,,4.25,
,,4.00,,51.36,3.41,9.59,4.07,51.94,,,3.18,
,,6.68,,25.52,4.58,8.38,8.47,23.38,,,0.62,
,,5.97,,22.11,6.98,6.81,4.53,11.83,,,0.45,
,,5.25,,7.46,5.63,9.83,3.94,1.32,,,2.57,
,,5.60,,3.94,5.04,7.73,7.19,1.11,,,1.98,
,,4.38,,3.20,8.20,8.18,5.82,12.00,,,1.54,
,,4.72,,55.26,5.42,6.13,2.99,12.63,,,1.43,
,,5.40,,32.51,5.04,9.35,4.12,11.26,,,0.93,
,,6.17,,5.90,4.01,3.03,3.83,13.69,,,0.80,
,,6.12,,4.12,5.52,2.15,2.58,18.21,,,1.59,
,,8.18,,4.33,3.44,2.15,1.85,40.47,,,0.61,
,,9.25,,4.07,3.19,7.83,2.52,9.00,,,0.47,
,,6.37,,40.23,3.44,5.49,2.61,2.88,,,0.63,
,,1.41,,45.62,4.25,6.84,5.04,10.50,,,5.43,
,,3.09,,23.55,8.47,3.39,3.27,9.80,,,1.91,
,,2.13,,4.72,7.02,12.57,2.53,16.10,,,2.86,
,,1.38,,6.77,5.65,12.40,5.43,13.30,,,4.78,
,,1.84,,7.34,4.12,4.60,3.72,11.47,,,3.13,
,,1.67,,15.01,5.30,5.99,6.14,14.39,,,4.61,
,,2.40,,7.04,4.31,5.93,7.92,11.46,,,1.84,
,,1.67,,16.68,4.97,13.85,9.49,2.07,,,3.25,
,,0.07,,23.14,5.73,21.09,5.95,11.20,,,523.13,
,,0.05,,14.97,4.97,31.01,7.80,11.20,,,20.71,
,,0.05,,8.56,4.48,17.71,4.81,11.90,,,390.35,
,,0.05,,4.85,6.45,16.37,3.27,18.90,,,572.42,
,,0.04,,5.24,5.94,6.50,3.59,68.13,,,229.72,
,,0.08,,24.46,5.78,4.04,3.68,22.60,,,128.55,
,,0.04,,23.01,3.72,9.75,5.13,4.56,,,276.47,
,,0.03,,11.01,4.52,10.36,5.15,1.45,,,441.51,
,,0.05,,12.00,13.03,14.34,3.84,9.80,,,158.86,
,,0.04,,9.59,5.17,16.99,5.65,9.10,,,148.61,
,,0.15,,12.87,5.70,32.32,5.09,9.80,,,22.80,
,,0.16,,15.33,8.90,45.86,5.09,9.80,,,14.13,
,,0.16,,20.31,5.78,17.84,6.53,17.76,,,16.03,
,,0.10,,8.46,6.45,24.12,4.37,28.33,,,22.41,
,,0.12,,7.16,4.10,9.25,4.76,9.43,,,22.62,
,,0.11,,12.26,6.15,12.21,4.31,5.41,,,16.30,
,,0.15,,11.90,11.31,7.30,3.55,11.15,,,9.30,
,,0.11,,17.24,15.02,7.34,3.09,10.70,,,31.54,
,,0.08,,11.27,6.09,7.51,5.92,9.96,,,20.14,
,,0.08,,5.62,5.71,6.90,3.91,10.65,,,107.14,
,,0.08,,16.48,3.68,21.87,5.53,29.40,,,60.08,
,,0.08,,16.15,3.30,13.24,6.01,23.95,,,45.11,
,,0.08,,19.60,2.71,16.13,4.92,11.69,,,86.12,
,,0.08,,13.43,10.77,4.15,2.87,14.38,,,136.26,
,,0.06,,8.18,0.25,8.71,7.15,96.46,,,109.96,
,,0.06,,6.03,0.33,7.16,3.73,94.77,,,105.89,
,,0.06,,15.04,3.31,3.35,5.40,116.58,,,215.98,
,,0.06,,14.86,16.02,5.24,3.61,46.99,,,253.47,
,,0.06,,14.14,4.53,10.13,4.44,27.54,,,12.72,
,,0.06,,9.06,2.71,5.79,3.74,9.97,,,8.00,
,,0.06,,11.47,5.74,9.52,6.40,3.49,,,18.76,
,,0.06,,7.81,3.63,34.16,5.27,1.75,,,152.43,
,,0.10,,17.76,3.32,19.42,6.26,269.07,,,44.41,
,,0.10,,12.93,2.55,4.84,7.95,202.09,,,30.40,
,,0.10,,8.72,4.80,8.05,7.24,236.24,,,46.04,
,,0.10,,42.91,4.36,13.33,4.45,271.99,,,73.90,
,,0.10,,20.14,4.81,7.36,13.65,136.03,,,22.91,
,,0.10,,5.22,3.68,5.93,17.02,24.43,,,24.53,
,,0.10,,7.21,2.64,4.99,13.33,13.63,,,21.24,
,,0.10,,26.08,4.28,4.24,19.91,7.64,,,14.58,
,,0.11,,17.15,3.43,8.45,18.39,40.59,,,22.16,
,,0.10,,10.30,4.36,6.72,13.19,30.69,,,16.63,
,,2.55,,9.49,2.77,6.15,9.66,31.03,,,,
,,1.75,,8.68,3.50,10.52,10.46,47.22,,,,
,,,,7.94,5.26,13.06,12.18,48.68,,,,
,,,,38.48,1.88,16.44,14.83,23.05,,,,
,,,,8.68,1.69,14.35,12.46,6.52,,,,
,,,,13.51,4.79,13.33,17.63,3.70,,,,
,,,,7.81,4.05,13.44,13.37,9.12,,,,
,,,,17.47,2.80,8.92,10.12,12.84,,,,
,,,,21.97,3.02,11.16,7.16,11.02,,,,
,,,,14.00,7.50,8.73,13.14,23.61,,,,
,,,,6.95,7.16,13.30,14.24,70.83,,,,
,,,,10.42,4.38,9.84,11.69,42.38,,,,
,,,,4.29,8.95,9.21,9.03,11.07,,,,
,,,,13.75,10.05,7.99,9.54,6.22,,,,
,,,,16.15,6.36,6.05,5.25,13.34,,,,
,,,,11.86,5.68,5.55,13.08,13.18,,,,
,,,,4.45,6.59,10.02,12.70,11.86,,,,
,,,,1.92,8.96,6.63,10.11,17.57,,,,
,,,,0.75,6.83,6.51,9.37,82.18,,,,
,,,,0.51,6.29,3.95,13.41,29.57,,,,
,,,,0.43,7.30,7.25,9.64,24.51,,,,
,,,,0.31,7.56,3.26,9.96,26.08,,,,
,,,,3.02,8.32,8.84,9.63,9.38,,,,
,,,,29.11,12.85,10.51,14.24,8.47,,,,
,,,,52.19,1.37,20.94,8.72,14.32,,,,
,,,,15.45,2.04,17.69,6.69,93.31,,,,
,,,,9.20,4.85,11.76,10.70,38.45,,,,
,,,,5.91,4.90,12.05,7.39,34.85,,,,
,,,,23.17,4.93,9.73,18.93,5.51,,,,
,,,,12.92,3.82,5.82,12.02,2.17,,,,
,,,,22.81,16.27,8.96,5.24,24.80,,,,
,,,,14.02,4.57,4.90,5.13,20.40,,,,
,,,,6.52,4.92,14.58,4.92,11.69,,,,
,,,,9.37,5.13,10.64,4.63,84.18,,,,
,,,,17.76,6.89,10.77,6.69,50.62,,,,
,,,,15.17,0.15,4.90,4.38,10.23,,,,
,,,,17.55,4.73,0.69,5.45,8.12,,,,
,,,,8.47,5.06,1.03,5.17,2.55,,,,
,,,,14.70,3.58,8.10,4.45,11.83,,,,
,,,,7.80,5.09,4.11,24.96,10.70,,,,
,,,,32.98,4.42,8.63,18.07,9.94,,,,
,,,,47.23,3.41,13.82,16.24,17.16,,,,
,,,,12.65,6.27,5.61,6.49,51.42,,,,
,,,,7.61,6.05,28.03,5.17,129.33,,,,
,,,,4.72,5.37,2.84,14.69,9.09,,,,
,,,,3.82,4.85,7.68,5.23,4.20,,,,
,,,,20.17,4.02,15.60,7.19,5.92,,,,
,,,,15.15,8.61,13.32,7.18,7.76,,,,
,,,,6.38,10.02,6.81,20.75,4.89,,,,
,,,,14.17,7.05,11.24,9.57,8.96,,,,
,,,,5.06,7.05,8.79,9.29,8.92,,,,
,,,,5.17,7.21,10.27,12.18,56.19,,,,
,,,,4.35,6.51,7.80,23.06,11.01,,,,
,,,,3.32,4.81,3.41,14.13,6.80,,,,
,,,,19.41,4.46,9.51,6.77,4.20,,,,
,,,,12.85,7.07,8.31,5.57,4.20,,,,
,,,,12.27,5.04,8.38,9.06,4.20,,,,
,,,,8.37,3.76,9.04,9.50,3.50,,,,
,,,,4.55,5.61,5.69,10.22,4.90,,,,
,,,,18.38,6.36,3.62,9.74,14.00,,,,
,,,,20.55,5.30,5.72,9.41,14.70,,,,
,,,,13.22,5.27,9.07,8.11,3.50,,,,
,,,,8.52,5.09,5.40,6.90,8.05,,,,
,,,,8.16,4.80,10.25,5.83,14.70,,,,
,,,,6.36,10.73,8.36,4.94,20.30,,,,
,,,,12.54,12.99,4.65,5.18,27.30,,,,
,,,,6.99,4.97,6.98,4.53,38.85,,,,
,,,,16.25,6.73,5.88,5.57,55.30,,,,
,,,,1.47,6.17,4.77,10.88,13.30,,,,
,,,,25.43,7.79,9.71,10.47,5.25,,,,
,,,,15.77,6.52,9.37,11.17,8.75,,,,
,,,,9.96,8.38,9.67,4.98,8.40,,,,
,,,,2.42,11.34,11.82,7.08,9.10,,,,
,,,,15.54,16.01,13.85,5.56,8.05,,,,
,,,,10.33,10.14,8.32,10.83,10.74,,,,
,,,,10.29,20.75,9.07,8.90,23.10,,,,
,,,,5.72,7.73,8.39,8.12,9.45,,,,
,,,,5.07,9.93,8.17,8.42,4.90,,,,
,,,,4.96,15.98,4.37,9.00,77.24,,,,
,,,,19.48,12.35,10.31,5.54,62.90,,,,
,,,,11.39,4.49,9.67,14.09,57.33,,,,
,,,,8.37,5.68,12.54,10.87,49.14,,,,
,,,,7.13,12.68,7.85,15.05,23.99,,,,
,,,,9.40,9.88,10.84,8.29,3.61,,,,
,,,,4.44,5.13,13.14,8.23,1.97,,,,
,,,,37.27,14.05,6.65,9.03,0.99,,,,
,,,,12.25,12.66,3.56,4.95,77.92,,,,
,,,,5.18,6.69,3.56,6.63,75.76,,,,
,,,,6.25,5.04,11.05,7.32,72.46,,,,
,,,,3.80,10.12,9.57,2.02,77.81,,,,
,,,,16.06,8.68,4.85,0.96,12.40,,,,
,,,,16.22,8.78,5.08,0.14,7.03,,,,
,,,,8.15,6.67,11.23,1.68,3.84,,,,
,,,,7.36,14.12,9.99,1.54,3.04,,,,
,,,,4.91,21.54,5.65,1.59,14.55,,,,
,,,,3.29,19.66,6.07,0.87,12.57,,,,
,,,,16.63,13.93,13.92,0.56,14.32,,,,
,,,,11.28,16.91,8.00,0.18,27.07,,,,
,,,,8.64,23.11,6.35,4.85,13.83,,,,
,,,,10.18,9.32,7.99,4.99,4.81,,,,
,,,,4.34,8.73,7.91,3.76,3.14,,,,
,,,,4.45,8.26,4.49,7.24,2.90,,,,
,,,,5.25,10.35,3.35,7.55,51.80,,,,
,,,,10.13,9.29,20.99,6.47,60.20,,,,
,,,,42.27,8.21,4.88,0.83,49.00,,,,
,,,,37.49,9.33,4.22,2.15,60.20,,,,
,,,,8.75,14.89,3.89,1.94,29.40,,,,
,,,,5.73,7.85,4.26,2.06,8.40,,,,
,,,,5.11,9.77,3.34,3.61,4.20,,,,
,,,,3.97,14.56,4.92,2.53,2.10,,,,
,,,,30.45,3.79,6.15,1.84,31.05,,,,
,,,,17.17,5.32,5.08,2.02,24.23,,,,
,,,,14.65,7.02,11.81,0.42,20.79,,,,
,,,,6.93,9.25,9.64,1.89,113.30,,,,
,,,,4.45,16.34,4.58,1.21,50.96,,,,
,,,,5.24,7.64,6.42,1.29,17.63,,,,
,,,,15.45,14.89,8.67,1.19,16.61,,,,
,,,,11.24,10.65,7.02,3.39,7.68,,,,
,,,,8.41,8.18,4.47,1.73,8.35,,,,
,,,,7.31,4.61,7.04,2.47,8.51,,,,
,,,,7.83,7.07,6.03,10.15,9.59,,,,
,,,,5.65,14.18,5.12,11.29,12.97,,,,
,,,,18.51,12.55,14.71,6.83,24.80,,,,
,,,,9.66,10.82,14.68,7.05,11.22,,,,
,,,,13.03,8.62,11.43,5.99,9.16,,,,
,,,,15.05,10.66,11.43,9.61,1.66,,,,
,,,,12.50,7.79,9.67,12.99,73.60,,,,
,,,,7.98,6.03,7.74,10.42,74.05,,,,
,,,,10.13,4.80,9.31,10.43,74.56,,,,
,,,,9.34,6.47,7.41,10.37,32.67,,,,
,,,,41.75,8.46,5.84,8.24,12.51,,,,
,,,,26.91,8.95,13.99,9.16,4.74,,,,
,,,,20.33,8.25,9.58,9.96,8.01,,,,
,,,,23.49,9.16,5.89,7.98,11.02,,,,
,,,,18.75,5.43,4.79,6.70,11.55,,,,
,,,,21.34,7.97,10.41,6.56,11.00,,,,
,,,,36.96,19.08,8.92,4.63,12.26,,,,
,,,,55.94,12.15,13.81,5.02,28.21,,,,
,,,,28.49,12.19,12.47,4.33,18.66,,,,
,,,,26.34,25.46,14.48,5.36,14.97,,,,
,,,,7.87,4.27,10.76,4.62,5.51,,,,
,,,,9.64,4.04,12.65,3.56,20.41,,,,
,,,,24.92,5.33,11.71,3.86,20.92,,,,
,,,,14.57,7.24,20.38,4.04,21.35,,,,
,,,,15.44,5.76,10.94,5.43,16.04,,,,
,,,,17.11,4.83,11.54,4.98,18.43,,,,
,,,,15.65,3.18,9.58,5.68,60.63,,,,
,,,,5.93,8.79,13.52,4.61,42.32,,,,
,,,,38.07,5.10,7.12,4.50,3.83,,,,
,,,,18.81,4.90,11.31,2.93,7.70,,,,
,,,,26.15,3.35,12.26,3.18,8.40,,,,
,,,,12.25,11.53,8.16,4.23,10.50,,,,
,,,,13.61,9.51,12.54,6.96,11.20,,,,
,,,,9.94,13.15,9.60,8.28,16.10,,,,
,,,,15.81,8.72,10.13,7.67,13.30,,,,
,,,,12.48,10.92,11.76,10.75,4.90,,,,
,,,,17.54,20.30,10.04,8.66,4.90,,,,
,,,,10.84,0.14,8.50,8.82,11.20,,,,
,,,,8.67,5.77,11.16,8.81,11.20,,,,
,,,,7.39,11.09,17.23,12.03,11.20,,,,
,,,,47.53,15.96,5.70,8.18,8.40,,,,
,,,,44.78,7.84,9.54,8.65,8.40,,,,
,,,,17.99,10.01,7.07,11.81,81.90,,,,
,,,,10.21,6.45,6.03,8.02,11.20,,,,
,,,,10.80,8.36,7.69,5.36,2.10,,,,
,,,,7.78,7.99,7.50,5.67,98.70,,,,
,,,,22.81,5.30,6.53,7.28,95.90,,,,
,,,,21.44,6.01,10.31,7.12,94.50,,,,
,,,,17.12,3.40,8.23,5.52,81.20,,,,
,,,,21.03,2.76,7.74,5.99,28.00,,,,
,,,,11.71,3.90,9.94,20.14,8.40,,,,
,,,,11.04,7.51,7.43,21.17,4.20,,,,
,,,,7.35,2.13,7.43,27.87,2.80,,,,
,,,,39.11,5.61,8.86,10.02,228.45,,,,
,,,,41.67,2.60,10.00,11.02,206.52,,,,
,,,,30.23,7.63,7.30,10.84,222.38,,,,
,,,,22.88,6.72,5.48,2.35,306.24,,,,
,,,,9.76,6.24,16.67,0.45,29.57,,,,
,,,,7.31,9.55,18.98,2.10,12.30,,,,
,,,,38.86,6.53,17.55,9.53,9.69,,,,
,,,,35.96,7.62,16.08,7.01,4.42,,,,
,,,,17.98,4.86,8.96,11.56,268.69,,,,
,,,,13.22,5.57,7.71,2.88,283.20,,,,
,,,,14.64,9.67,5.98,2.25,315.80,,,,
,,,,12.68,11.57,7.64,4.23,277.35,,,,
,,,,16.94,9.26,7.06,0.92,210.80,,,,
,,,,20.62,4.02,6.55,0.79,63.29,,,,
,,,,14.52,5.91,8.08,0.98,9.30,,,,
,,,,24.24,5.81,6.11,3.79,7.96,,,,
,,,,6.77,9.38,10.96,6.15,510.86,,,,
,,,,11.59,10.76,4.84,4.09,472.78,,,,
,,,,6.37,6.80,4.81,10.84,373.85,,,,
,,,,10.98,7.04,4.45,7.99,179.58,,,,
,,,,15.77,8.36,5.40,1.69,13.29,,,,
,,,,12.99,12.28,7.18,14.33,4.97,,,,
,,,,7.94,11.71,4.36,6.44,3.34,,,,
,,,,6.55,4.65,6.70,6.81,2.77,,,,
,,,,9.43,5.38,4.81,9.47,54.30,,,,
,,,,23.95,5.96,7.87,7.36,59.36,,,,
,,,,10.33,12.28,8.97,10.61,66.44,,,,
,,,,8.68,11.56,21.13,6.01,58.80,,,,
,,,,7.97,9.94,19.17,5.65,62.51,,,,
,,,,5.27,11.17,20.10,4.04,34.06,,,,
,,,,8.22,12.31,8.18,1.72,24.73,,,,
,,,,6.21,12.63,22.98,1.67,5.86,,,,
,,,,16.45,8.12,15.28,1.61,13.47,,,,
,,,,8.87,4.10,19.24,0.98,20.17,,,,
,,,,12.35,7.25,27.68,1.20,20.35,,,,
,,,,9.76,12.63,28.98,1.53,40.14,,,,
,,,,8.76,9.67,8.13,0.37,46.09,,,,
,,,,16.15,8.64,5.68,0.85,13.72,,,,
,,,,11.58,8.28,5.64,0.74,15.85,,,,
,,,,9.78,4.10,3.32,1.56,1.72,,,,
,,,,11.21,4.96,3.80,1.25,21.32,,,,
,,,,13.29,1.57,2.86,2.13,18.03,,,,
,,,,12.67,1.52,6.71,2.01,18.18,,,,
,,,,14.67,4.32,17.06,0.25,21.59,,,,
,,,,53.09,2.46,4.08,1.96,18.15,,,,
,,,,39.73,7.27,9.87,3.47,6.33,,,,
,,,,9.06,3.45,9.46,3.21,4.31,,,,
,,,,5.85,1.88,23.38,4.03,1.16,,,,
,,,,5.81,0.54,21.10,6.10,15.33,,,,
,,,,5.42,2.30,19.28,4.01,15.46,,,,
,,,,4.74,2.19,7.13,4.31,27.54,,,,
,,,,14.22,1.56,9.92,8.03,104.89,,,,
,,,,5.88,2.08,13.26,6.49,41.03,,,,
,,,,5.67,2.78,15.95,4.58,18.55,,,,
,,,,5.51,2.37,13.19,5.08,8.29,,,,
,,,,5.51,2.37,9.56,3.28,4.90,,,,
,,,,5.84,1.00,9.69,3.36,7.02,,,,
,,,,25.24,6.56,5.67,4.98,8.36,,,,
,,,,8.66,8.67,5.67,5.46,9.26,,,,
,,,,4.30,5.18,2.83,3.21,11.16,,,,
,,,,7.17,7.31,5.43,3.24,30.35,,,,
,,,,9.83,6.65,5.13,2.39,33.95,,,,
,,,,5.56,7.86,7.82,1.91,14.05,,,,
,,,,12.40,11.30,7.22,1.38,2.09,,,,
,,,,16.74,2.93,8.90,6.09,13.37,,,,
,,,,18.39,4.72,7.75,1.47,13.02,,,,
,,,,12.08,0.25,7.60,1.06,15.05,,,,
,,,,10.07,11.23,5.30,2.94,13.42,,,,
,,,,19.60,1.54,4.55,4.09,16.41,,,,
,,,,7.88,3.72,4.55,4.64,28.11,,,,
,,,,8.23,7.60,4.22,4.10,15.63,,,,
,,,,38.89,0.98,5.95,3.70,11.69,,,,
,,,,6.52,1.31,3.17,4.55,23.72,,,,
,,,,9.42,4.15,3.50,4.39,23.16,,,,
,,,,10.39,2.92,8.15,3.11,13.65,,,,
,,,,10.48,2.68,6.76,4.21,20.60,,,,
,,,,12.77,0.47,8.80,5.54,56.89,,,,
,,,,7.30,5.01,7.63,4.93,25.30,,,,
,,,,10.23,4.32,8.59,6.93,12.59,,,,
,,,,7.73,5.33,8.80,6.23,12.59,,,,
,,,,7.39,5.21,4.82,6.88,7.89,,,,
,,,,8.72,9.93,4.12,4.21,7.42,,,,
,,,,0.69,24.71,4.73,3.78,8.01,,,,
,,,,13.40,7.65,10.36,1.47,8.51,,,,
,,,,11.29,7.15,7.50,3.28,10.76,,,,
,,,,12.26,1.06,6.76,2.93,22.91,,,,
,,,,9.62,3.01,6.36,2.84,21.09,,,,
,,,,4.83,6.28,5.96,3.92,9.19,,,,
,,,,3.87,2.84,6.52,2.33,9.18,,,,
,,,,7.38,6.38,12.65,2.87,9.16,,,,
,,,,6.67,1.73,13.54,3.00,9.10,,,,
,,,,7.79,8.76,11.38,2.58,12.98,,,,
,,,,7.51,11.72,11.34,3.06,26.12,,,,
,,,,10.53,9.26,9.70,4.16,24.62,,,,
,,,,8.18,13.82,11.86,4.43,13.38,,,,
,,,,7.51,11.61,7.00,3.08,3.09,,,,
,,,,6.95,6.30,6.28,4.38,79.21,,,,
,,,,14.47,26.14,5.97,3.50,83.38,,,,
,,,,9.26,3.38,14.11,3.29,74.71,,,,
,,,,5.92,3.64,5.56,4.93,83.70,,,,
,,,,9.00,2.98,5.10,4.84,78.46,,,,
,,,,7.31,3.09,1.48,5.12,12.63,,,,
,,,,7.57,6.88,2.12,5.19,9.89,,,,
,,,,10.81,4.97,0.74,5.46,4.74,,,,
,,,,10.63,3.03,3.49,2.87,188.71,,,,
,,,,10.37,11.74,3.76,3.83,182.93,,,,
,,,,9.61,7.61,1.26,4.07,192.56,,,,
,,,,10.27,7.78,1.08,5.05,150.28,,,,
,,,,10.30,8.58,3.34,4.78,63.15,,,,
,,,,11.34,7.30,2.14,4.13,58.72,,,,
,,,,10.93,6.66,1.50,3.97,14.15,,,,
,,,,10.40,6.78,1.34,8.80,12.67,,,,
,,,,10.48,8.38,9.90,4.65,143.07,,,,
,,,,8.71,13.03,6.17,4.07,127.73,,,,
,,,,8.39,6.14,5.08,3.88,125.95,,,,
,,,,8.91,7.13,2.82,2.68,61.97,,,,
,,,,10.84,4.86,7.08,3.95,16.86,,,,
,,,,7.33,11.27,7.42,2.60,4.82,,,,
,,,,9.57,19.60,8.83,2.27,8.73,,,,
,,,,10.88,1.85,6.13,5.13,3.46,,,,
,,,,10.51,2.02,5.06,4.64,63.47,,,,
,,,,10.80,4.61,6.55,6.27,55.87,,,,
,,,,7.21,9.38,5.59,4.33,38.43,,,,
,,,,25.95,8.18,1.36,3.89,25.80,,,,
,,,,6.84,17.67,1.17,3.79,47.63,,,,
,,,,4.05,4.63,1.29,3.87,18.20,,,,
,,,,2.70,5.32,1.90,6.35,13.06,,,,
,,,,1.95,3.87,1.48,2.10,5.43,,,,
,,,,0.76,6.24,1.82,3.74,13.04,,,,
,,,,6.35,4.58,4.53,6.39,12.07,,,,
,,,,4.02,4.44,3.64,4.07,12.76,,,,
,,,,6.02,5.70,2.39,3.15,12.60,,,,
,,,,4.05,13.40,2.61,2.96,17.34,,,,
,,,,3.14,12.04,24.19,8.51,29.44,,,,
,,,,4.48,7.39,3.41,8.41,9.85,,,,
,,,,3.53,7.88,2.57,11.81,2.63,,,,
,,,,27.45,7.27,1.95,12.82,9.36,,,,
,,,,6.61,4.19,3.89,2.29,9.06,,,,
,,,,5.50,4.94,3.15,2.32,8.72,,,,
,,,,4.00,3.71,2.19,1.76,11.73,,,,
,,,,2.03,4.50,1.88,1.63,16.59,,,,
,,,,6.52,5.28,28.40,1.45,20.23,,,,
,,,,7.79,5.50,16.95,1.32,12.84,,,,
,,,,8.00,4.89,14.26,1.52,10.49,,,,
,,,,6.65,8.89,10.37,1.57,134.44,,,,
,,,,8.81,11.04,7.18,1.98,155.42,,,,
,,,,2.73,7.09,4.98,1.29,32.22,,,,
,,,,15.33,7.40,4.44,2.31,27.72,,,,
,,,,8.19,8.50,24.54,2.53,24.49,,,,
,,,,15.69,5.29,21.72,3.38,11.43,,,,
,,,,19.50,7.37,15.89,4.55,5.35,,,,
,,,,21.80,5.64,15.56,4.55,2.17,,,,
,,,,6.50,7.27,12.73,4.55,12.92,,,,
,,,,4.28,6.23,4.12,1.30,13.07,,,,
,,,,4.83,5.23,2.67,1.50,14.06,,,,
,,,,2.21,6.04,13.53,2.14,15.30,,,,
,,,,5.28,4.34,11.08,2.35,57.80,,,,
,,,,9.74,4.87,5.42,3.65,26.87,,,,
,,,,3.64,8.46,5.26,2.38,17.34,,,,
,,,,3.37,4.52,9.66,1.80,7.90,,,,
,,,,3.49,4.31,11.50,1.74,9.79,,,,
,,,,23.73,4.62,4.40,3.34,9.67,,,,
,,,,12.81,4.17,6.37,2.44,10.68,,,,
,,,,2.87,5.18,17.87,2.51,10.68,,,,
,,,,3.97,9.57,8.26,2.53,22.48,,,,
,,,,28.98,6.80,9.26,2.27,39.71,,,,
,,,,37.12,31.78,6.00,2.02,10.92,,,,
,,,,14.63,25.97,7.04,2.86,7.52,,,,
,,,,10.34,19.00,5.01,3.04,8.15,,,,
,,,,5.53,22.16,4.35,3.24,8.20,,,,
,,,,5.16,4.43,6.44,2.62,10.22,,,,
,,,,41.84,3.12,7.43,2.62,8.71,,,,
,,,,24.98,0.97,6.75,2.62,12.74,,,,
,,,,16.06,4.19,6.75,4.79,17.42,,,,
,,,,9.86,2.84,5.04,2.24,9.17,,,,
,,,,6.96,4.82,4.94,2.99,67.20,,,,
,,,,15.37,5.22,9.71,3.17,65.80,,,,
,,,,9.69,4.66,5.00,24.46,69.30,,,,
,,,,36.53,7.05,4.33,3.88,57.40,,,,
,,,,16.76,0.60,4.01,9.47,19.60,,,,
,,,,11.26,1.20,7.02,10.72,10.50,,,,
,,,,9.08,1.62,2.44,1.96,7.70,,,,
,,,,11.58,11.83,2.97,2.33,4.20,,,,
,,,,15.71,7.10,2.34,0.43,170.10,,,,
,,,,21.91,11.84,6.18,0.03,194.60,,,,
,,,,10.28,12.43,3.20,2.51,195.30,,,,
,,,,12.09,5.61,2.43,3.67,212.80,,,,
,,,,4.00,6.90,10.93,3.96,19.60,,,,
,,,,6.87,5.99,13.78,4.02,8.40,,,,
,,,,2.61,11.55,8.35,3.49,4.20,,,,
,,,,14.23,7.67,6.96,3.85,2.10,,,,
,,,,15.91,15.64,6.67,2.43,266.00,,,,
,,,,13.20,13.79,6.11,2.12,274.40,,,,
,,,,8.40,6.90,5.36,4.96,272.30,,,,
,,,,10.25,9.88,3.49,4.05,279.30,,,,
,,,,6.35,10.64,2.19,3.03,191.80,,,,
,,,,13.79,26.46,5.32,2.81,88.20,,,,
,,,,18.84,9.80,3.64,3.18,51.10,,,,
,,,,15.64,10.55,3.76,2.78,11.20,,,,
,,,,10.46,27.64,6.89,1.82,210.38,,,,
,,,,11.47,22.16,8.49,1.50,216.34,,,,
,,,,7.66,22.31,7.13,1.98,211.91,,,,
,,,,11.02,22.40,7.67,2.16,146.56,,,,
,,,,10.87,20.12,5.91,1.50,87.31,,,,
,,,,11.92,15.87,6.10,1.35,53.05,,,,
,,,,10.24,10.22,6.61,2.93,15.70,,,,
,,,,8.18,16.18,5.76,2.62,8.93,,,,
,,,,5.61,11.07,7.72,1.69,12.38,,,,
,,,,11.60,15.97,4.42,3.59,12.50,,,,
,,,,14.74,8.18,5.41,3.17,12.36,,,,
,,,,11.95,12.07,8.29,2.08,12.03,,,,
,,,,12.26,13.64,2.60,2.87,41.71,,,,
,,,,7.18,10.06,4.32,3.04,22.57,,,,
,,,,5.93,13.46,3.46,3.52,22.34,,,,
,,,,29.87,15.40,5.58,5.30,7.16,,,,
,,,,5.20,4.79,7.52,3.05,33.92,,,,
,,,,4.41,7.54,7.84,2.55,30.82,,,,
,,,,31.88,7.07,9.64,2.07,40.91,,,,
,,,,17.64,4.94,6.43,0.94,200.91,,,,
,,,,11.44,4.03,4.94,2.70,25.55,,,,
,,,,7.04,1.51,39.02,1.68,11.81,,,,
,,,,7.88,1.55,0.98,3.00,10.00,,,,
,,,,6.72,6.72,18.66,3.32,6.70,,,,
,,,,15.90,5.23,27.87,3.86,11.16,,,,
,,,,17.06,3.20,8.87,1.81,12.09,,,,
,,,,5.69,1.13,10.70,2.08,13.56,,,,
,,,,8.97,8.39,11.18,2.14,12.74,,,,
,,,,5.62,6.91,13.45,,34.38,,,,
,,,,5.94,3.73,8.05,,20.64,,,,
,,,,20.14,7.54,5.74,,11.39,,,,
,,,,8.02,9.26,4.41,,5.41,,,,
,,,,7.45,3.95,5.36,,16.26,,,,
,,,,20.94,2.20,2.59,,16.40,,,,
,,,,14.46,2.72,4.09,,15.46,,,,
,,,,6.37,3.58,23.51,,16.08,,,,
,,,,6.93,2.39,8.41,,31.85,,,,
,,,,9.63,13.20,5.97,,21.43,,,,
,,,,15.25,6.73,6.21,,12.49,,,,
,,,,10.08,9.96,8.61,,2.28,,,,
,,,,6.09,6.99,8.61,,7.54,,,,
,,,,6.68,3.81,18.21,,8.78,,,,
,,,,5.40,4.73,9.19,,10.13,,,,
,,,,17.30,4.86,6.71,,22.12,,,,
,,,,18.27,4.10,2.73,,23.03,,,,
,,,,5.62,6.31,5.61,,15.81,,,,
,,,,8.31,6.44,8.31,,15.70,,,,
,,,,7.02,5.91,4.01,,9.85,,,,
,,,,7.23,12.62,0.89,,11.48,,,,
,,,,14.48,11.53,0.73,,10.66,,,,
,,,,9.28,12.45,0.62,,10.44,,,,
,,,,7.38,3.38,0.56,,11.64,,,,
,,,,5.97,4.68,14.97,,70.13,,,,
,,,,4.64,6.43,10.22,,17.30,,,,
,,,,6.05,5.60,2.29,,10.78,,,,
,,,,7.52,8.13,2.02,,6.54,,,,
,,,,4.66,10.30,24.44,,10.32,,,,
,,,,5.98,3.69,7.07,,9.82,,,,
,,,,2.36,4.76,7.75,,10.23,,,,
,,,,4.48,5.81,20.36,,30.14,,,,
,,,,9.56,2.38,6.79,,32.87,,,,
,,,,4.73,1.89,6.47,,15.66,,,,
,,,,36.50,3.00,8.81,,5.60,,,,
,,,,27.06,8.00,7.34,,2.10,,,,
,,,,23.10,3.46,5.43,,8.11,,,,
,,,,25.28,10.41,8.87,,7.12,,,,
,,,,23.72,12.16,2.76,,8.29,,,,
,,,,28.15,10.22,4.14,,9.61,,,,
,,,,4.48,7.74,3.15,,13.10,,,,
,,,,8.44,4.13,3.98,,17.18,,,,
,,,,8.92,6.25,3.17,,10.92,,,,
,,,,6.80,14.12,3.42,,2.00,,,,
,,,,3.71,9.34,3.17,,71.09,,,,
,,,,5.44,12.50,2.51,,74.05,,,,
,,,,12.09,4.73,1.17,,74.96,,,,
,,,,17.53,13.76,1.50,,113.52,,,,
,,,,3.62,8.45,2.60,,39.93,,,,
,,,,2.53,7.29,1.62,,19.68,,,,
,,,,0.53,3.27,1.22,,10.21,,,,
,,,,1.25,2.21,4.13,,6.05,,,,
,,,,6.27,4.63,3.47,,177.45,,,,
,,,,3.34,4.28,2.12,,177.00,,,,
,,,,3.99,3.48,1.50,,175.40,,,,
,,,,3.99,9.55,3.31,,168.81,,,,
,,,,0.11,10.10,0.94,,40.72,,,,
,,,,2.05,6.97,5.83,,12.06,,,,
,,,,28.66,7.23,1.27,,14.50,,,,
,,,,25.05,2.31,3.50,,6.73,,,,
,,,,20.04,6.98,2.24,,147.53,,,,
,,,,11.82,5.41,2.61,,153.34,,,,
,,,,11.08,2.37,2.35,,145.94,,,,
,,,,12.64,4.11,2.99,,126.04,,,,
,,,,5.96,2.15,3.25,,129.56,,,,
,,,,2.96,4.65,3.98,,39.84,,,,
,,,,4.06,5.88,15.80,,16.14,,,,
,,,,11.00,6.84,5.10,,4.12,,,,
,,,,9.97,5.59,4.23,,15.13,,,,
,,,,12.65,15.75,7.01,,16.49,,,,
,,,,18.44,9.33,4.64,,14.88,,,,
,,,,14.70,3.32,8.75,,23.66,,,,
,,,,9.50,4.18,6.13,,26.16,,,,
,,,,10.03,5.80,5.39,,28.44,,,,
,,,,8.69,7.08,4.33,,16.49,,,,
,,,,8.66,5.38,5.17,,4.69,,,,
,,,,9.59,6.57,2.24,,13.63,,,,
,,,,10.06,3.99,3.82,,13.18,,,,
,,,,37.19,9.27,3.00,,12.60,,,,
,,,,35.48,2.59,3.62,,12.22,,,,
,,,,34.06,4.88,2.98,,29.12,,,,
,,,,24.75,2.59,2.87,,12.24,,,,
,,,,25.04,2.57,2.65,,6.94,,,,
,,,,30.37,5.02,1.83,,4.97,,,,
,,,,20.47,5.25,1.39,,14.32,,,,
,,,,20.73,3.71,3.54,,17.16,,,,
,,,,21.83,6.51,1.71,,23.43,,,,
,,,,16.13,5.09,11.58,,54.37,,,,
,,,,16.25,6.18,11.07,,37.31,,,,
,,,,17.94,3.15,6.51,,51.87,,,,
,,,,17.24,4.83,7.81,,6.55,,,,
,,,,14.95,4.71,4.82,,3.05,,,,
,,,,17.57,7.69,3.99,,21.04,,,,
,,,,14.44,4.95,11.47,,19.84,,,,
,,,,11.53,6.88,3.71,,12.09,,,,
,,,,13.55,7.43,8.37,,23.21,,,,
,,,,8.65,1.96,1.70,,72.57,,,,
,,,,9.33,4.03,6.80,,37.20,,,,
,,,,32.73,7.89,7.63,,9.50,,,,
,,,,4.49,7.46,3.35,,6.85,,,,
,,,,2.98,4.56,3.14,,19.30,,,,
,,,,6.60,3.86,8.45,,19.28,,,,
,,,,2.30,16.62,7.17,,17.34,,,,
,,,,3.54,13.91,4.11,,29.23,,,,
,,,,22.42,8.63,5.33,,27.53,,,,
,,,,20.01,8.03,4.05,,18.61,,,,
,,,,21.68,7.28,3.79,,11.44,,,,
,,,,3.70,7.47,5.31,,5.03,,,,
,,,,3.74,2.81,8.75,,7.81,,,,
,,,,1.74,6.49,5.70,,9.49,,,,
,,,,11.40,1.94,3.52,,10.35,,,,
,,,,18.37,3.96,5.40,,11.44,,,,
,,,,6.86,3.70,14.71,,14.98,,,,
,,,,7.25,2.39,6.81,,27.19,,,,
,,,,5.72,7.11,5.60,,14.67,,,,
,,,,12.25,1.92,3.89,,3.38,,,,
,,,,7.49,2.41,3.40,,8.90,,,,
,,,,4.87,9.70,7.93,,11.59,,,,
,,,,3.60,5.57,5.48,,9.87,,,,
,,,,6.99,1.51,3.95,,9.23,,,,
,,,,1.84,1.72,2.82,,14.41,,,,
,,,,1.98,1.49,3.86,,27.98,,,,
,,,,1.60,3.96,8.00,,9.53,,,,
,,,,6.23,3.72,2.36,,5.44,,,,
,,,,14.88,2.76,2.81,,41.06,,,,
,,,,11.55,1.88,3.18,,35.04,,,,
,,,,9.92,2.24,4.98,,40.84,,,,
,,,,8.49,2.84,4.76,,26.85,,,,
,,,,7.14,2.80,5.16,,21.16,,,,
,,,,6.19,2.80,5.07,,3.04,,,,
,,,,8.69,8.52,4.08,,1.88,,,,
,,,,4.47,5.95,2.35,,1.34,,,,
,,,,11.76,2.84,4.28,,36.06,,,,
,,,,5.82,3.71,2.10,,39.24,,,,
,,,,3.60,3.75,3.87,,41.97,,,,
,,,,10.06,6.00,7.36,,61.88,,,,
,,,,10.70,2.79,3.74,,50.05,,,,
,,,,17.38,12.80,5.97,,9.25,,,,
,,,,9.68,1.83,4.65,,4.70,,,,
,,,,10.51,3.37,5.88,,2.78,,,,
,,,,11.77,3.33,3.68,,13.51,,,,
,,,,7.63,1.25,8.60,,13.99,,,,
,,,,8.34,0.66,9.50,,13.74,,,,
,,,,15.08,12.40,9.30,,15.77,,,,
,,,,10.36,2.75,8.77,,32.87,,,,
,,,,7.52,1.89,9.03,,13.31,,,,
,,,,7.71,2.81,9.20,,4.53,,,,
,,,,9.91,1.10,12.61,,6.24,,,,
,,,,14.83,10.08,11.12,,13.50,,,,
,,,,14.39,2.03,7.05,,16.08,,,,
,,,,8.51,2.93,4.93,,14.16,,,,
,,,,8.07,1.14,5.83,,35.26,,,,
,,,,10.06,2.74,7.01,,83.34,,,,
,,,,18.06,1.60,5.40,,13.42,,,,
,,,,15.36,2.14,3.94,,6.21,,,,
,,,,6.89,2.28,6.95,,2.31,,,,
,,,,56.66,3.92,9.07,,93.84,,,,
,,,,21.28,3.90,6.22,,91.80,,,,
,,,,59.98,2.40,2.15,,90.43,,,,
,,,,21.69,2.05,4.26,,68.71,,,,
,,,,16.15,0.53,4.24,,16.38,,,,
,,,,7.66,17.75,6.23,,9.27,,,,
,,,,17.06,0.69,8.21,,7.75,,,,
,,,,35.53,0.74,3.98,,14.37,,,,
,,,,39.63,1.30,4.27,,6.55,,,,
,,,,13.18,3.32,5.44,,7.47,,,,
,,,,16.98,1.34,6.87,,7.09,,,,
,,,,6.89,1.27,4.87,,10.56,,,,
,,,,43.18,2.72,2.66,,16.76,,,,
,,,,32.66,3.71,5.45,,28.21,,,,
,,,,9.97,3.59,6.79,,5.78,,,,
,,,,15.97,8.50,3.51,,4.31,,,,
,,,,8.89,3.92,8.28,,6.80,,,,
,,,,11.67,5.77,3.13,,8.91,,,,
,,,,24.00,2.63,2.79,,15.05,,,,
,,,,29.31,2.43,3.81,,10.99,,,,
,,,,19.71,2.90,3.93,,13.54,,,,
,,,,16.62,2.76,8.98,,19.79,,,,
,,,,10.07,1.97,2.84,,3.39,,,,
,,,,8.72,2.01,3.57,,1.88,,,,
,,,,19.54,1.99,5.69,,11.65,,,,
,,,,14.45,1.08,14.41,,10.48,,,,
,,,,7.10,3.26,11.41,,11.28,,,,
,,,,18.00,3.24,14.56,,11.12,,,,
,,,,18.13,1.66,13.98,,40.84,,,,
,,,,15.27,3.31,9.15,,17.75,,,,
,,,,7.66,1.45,8.37,,10.17,,,,
,,,,7.57,2.09,4.59,,4.29,,,,
,,,,6.60,1.35,3.43,,9.68,,,,
,,,,5.77,1.65,6.59,,10.93,,,,
,,,,11.19,0.86,4.40,,15.05,,,,
,,,,7.38,0.78,2.27,,25.59,,,,
,,,,7.21,1.60,1.31,,22.52,,,,
,,,,7.67,3.45,1.48,,8.70,,,,
,,,,3.05,3.55,2.14,,1.85,,,,
,,,,11.90,3.50,1.10,,4.08,,,,
,,,,9.23,1.34,2.99,,10.66,,,,
,,,,10.40,2.46,1.72,,12.80,,,,
,,,,2.97,2.15,1.91,,9.52,,,,
,,,,2.58,2.98,2.06,,16.66,,,,
,,,,6.49,0.85,1.53,,14.09,,,,
,,,,11.23,0.63,1.04,,28.21,,,,
,,,,5.92,1.50,1.71,,15.81,,,,
,,,,8.56,2.35,5.64,,7.86,,,,
,,,,7.40,0.49,8.78,,72.23,,,,
,,,,6.50,0.79,4.70,,83.49,,,,
,,,,7.03,2.48,3.49,,89.07,,,,
,,,,9.20,5.17,4.04,,146.17,,,,
,,,,9.16,7.56,14.66,,108.18,,,,
,,,,6.47,1.47,10.66,,22.24,,,,
,,,,8.00,0.55,6.44,,17.18,,,,
,,,,6.83,0.20,6.26,,9.16,,,,
,,,,5.73,2.12,12.70,,60.86,,,,
,,,,6.01,6.28,14.81,,62.79,,,,
,,,,8.94,,0.74,,73.26,,,,
,,,,5.66,,0.46,,39.13,,,,
,,,,6.64,,1.06,,19.34,,,,
,,,,3.01,,13.74,,9.10,,,,
,,,,19.00,,7.61,,7.26,,,,
,,,,7.74,,5.65,,2.73,,,,
,,,,3.81,,3.02,,175.63,,,,
,,,,5.26,,4.05,,175.93,,,,
,,,,7.44,,2.26,,170.78,,,,
,,,,20.53,,1.79,,182.15,,,,
,,,,18.91,,2.90,,58.35,,,,
,,,,15.81,,3.67,,10.53,,,,
,,,,9.95,,4.44,,7.68,,,,
,,,,6.16,,2.65,,3.29,,,,
,,,,5.05,,6.11,,21.04,,,,
,,,,3.01,,5.08,,23.32,,,,
,,,,5.20,,8.49,,21.79,,,,
,,,,19.83,,4.52,,25.03,,,,
,,,,11.47,,3.09,,29.23,,,,
,,,,25.56,,4.68,,16.84,,,,
,,,,11.21,,7.52,,9.58,,,,
,,,,3.94,,2.33,,3.88,,,,
,,,,6.33,,2.49,,38.45,,,,
,,,,16.12,,2.17,,39.13,,,,
,,,,11.18,,3.08,,46.98,,,,
,,,,8.08,,7.56,,34.92,,,,
,,,,10.43,,5.16,,23.43,,,,
,,,,6.32,,3.78,,10.81,,,,
,,,,7.18,,3.46,,6.78,,,,
,,,,19.90,,4.72,,4.24,,,,
,,,,11.90,,3.23,,11.94,,,,
,,,,16.82,,2.06,,10.60,,,,
,,,,10.07,,1.84,,11.91,,,,
,,,,16.67,,13.91,,14.38,,,,
,,,,9.15,,1.31,,20.93,,,,
,,,,8.36,,1.75,,16.61,,,,
,,,,10.23,,2.56,,10.02,,,,
,,,,16.21,,2.95,,7.69,,,,
,,,,9.28,,2.97,,13.12,,,,
,,,,5.47,,4.13,,9.77,,,,
,,,,7.34,,4.06,,10.44,,,,
,,,,1.95,,1.98,,11.08,,,,
,,,,3.11,,2.16,,15.20,,,,
,,,,3.79,,2.32,,16.61,,,,
,,,,8.82,,6.59,,9.50,,,,
,,,,7.08,,4.53,,5.69,,,,
,,,,2.38,,4.31,,18.00,,,,
,,,,12.55,,4.59,,17.92,,,,
,,,,2.67,,6.18,,17.40,,,,
,,,,5.59,,3.90,,12.50,,,,
,,,,3.86,,4.93,,11.96,,,,
,,,,3.15,,6.68,,6.44,,,,
,,,,1.71,,6.89,,5.26,,,,
,,,,0.63,,1.49,,2.41,,,,
,,,,1.88,,6.56,,14.75,,,,
,,,,14.01,,1.83,,16.24,,,,
,,,,4.94,,1.39,,53.01,,,,
,,,,3.27,,0.73,,34.47,,,,
,,,,3.30,,3.06,,24.12,,,,
,,,,2.54,,2.04,,14.16,,,,
,,,,3.49,,2.34,,4.14,,,,
,,,,23.78,,1.73,,2.33,,,,
,,,,9.37,,2.57,,8.93,,,,
,,,,2.91,,3.33,,9.18,,,,
,,,,3.96,,1.75,,10.50,,,,
,,,,3.96,,4.53,,14.50,,,,
,,,,2.31,,6.42,,17.75,,,,
,,,,15.71,,1.21,,21.16,,,,
,,,,8.04,,1.81,,18.77,,,,
,,,,5.02,,2.53,,2.93,,,,
,,,,6.17,,3.01,,10.03,,,,
,,,,4.99,,3.27,,14.67,,,,
,,,,4.66,,4.58,,15.40,,,,
,,,,3.29,,4.39,,19.22,,,,
,,,,1.81,,1.66,,58.24,,,,
,,,,9.24,,2.72,,79.51,,,,
,,,,21.47,,3.40,,5.10,,,,
,,,,7.95,,4.00,,2.80,,,,
,,,,4.53,,9.67,,6.83,,,,
,,,,4.53,,3.89,,5.16,,,,
,,,,4.21,,6.20,,8.92,,,,
,,,,2.03,,4.90,,8.16,,,,
,,,,4.67,,3.25,,12.48,,,,
,,,,5.11,,2.03,,16.15,,,,
,,,,5.11,,1.43,,10.40,,,,
,,,,4.12,,2.00,,2.66,,,,
,,,,2.27,,3.64,,9.21,,,,
,,,,5.75,,2.28,,8.03,,,,
,,,,4.70,,1.93,,8.94,,,,
,,,,3.51,,2.64,,11.73,,,,
,,,,5.48,,3.11,,53.80,,,,
,,,,2.93,,2.05,,15.58,,,,
,,,,5.28,,3.28,,7.74,,,,
,,,,6.63,,4.15,,5.81,,,,
,,,,1.52,,,,265.72,,,,
,,,,11.22,,,,270.88,,,,
,,,,19.28,,,,269.21,,,,
,,,,8.61,,,,105.67,,,,
,,,,4.77,,,,32.19,,,,
,,,,4.51,,,,30.83,,,,
,,,,2.53,,,,7.00,,,,
,,,,5.14,,,,4.45,,,,
,,,,3.49,,,,79.63,,,,
,,,,0.62,,,,77.35,,,,
,,,,0.37,,,,69.05,,,,
,,,,0.94,,,,29.01,,,,
,,,,3.16,,,,17.86,,,,
,,,,3.14,,,,7.31,,,,
,,,,5.86,,,,3.29,,,,
,,,,4.85,,,,1.67,,,,
,,,,2.19,,,,32.87,,,,
,,,,2.15,,,,34.24,,,,
,,,,0.72,,,,34.47,,,,
,,,,3.36,,,,35.04,,,,
,,,,2.45,,,,31.74,,,,
,,,,1.31,,,,26.50,,,,
,,,,3.41,,,,3.38,,,,
,,,,2.77,,,,1.49,,,,
,,,,8.47,,,,13.87,,,,
,,,,5.58,,,,14.46,,,,
,,,,8.58,,,,13.15,,,,
,,,,7.14,,,,17.52,,,,
,,,,4.05,,,,29.01,,,,
,,,,4.63,,,,11.22,,,,
,,,,3.72,,,,4.79,,,,
,,,,9.77,,,,3.50,,,,
,,,,15.12,,,,7.43,,,,
,,,,14.62,,,,7.31,,,,
,,,,4.85,,,,12.14,,,,
,,,,3.01,,,,10.85,,,,
,,,,0.84,,,,17.40,,,,
,,,,1.57,,,,18.88,,,,
,,,,3.01,,,,13.46,,,,
,,,,8.55,,,,6.61,,,,
,,,,6.37,,,,17.10,,,,
,,,,2.66,,,,16.43,,,,
,,,,2.08,,,,19.42,,,,
,,,,1.83,,,,85.20,,,,
,,,,1.78,,,,22.64,,,,
,,,,17.10,,,,7.76,,,,
,,,,3.37,,,,3.55,,,,
,,,,1.39,,,,2.71,,,,
,,,,2.09,,,,10.00,,,,
,,,,2.39,,,,10.42,,,,
,,,,2.36,,,,9.71,,,,
,,,,3.83,,,,8.22,,,,
,,,,4.97,,,,15.13,,,,
,,,,5.18,,,,23.55,,,,
,,,,4.11,,,,3.20,,,,
,,,,3.82,,,,17.29,,,,
,,,,2.32,,,,7.88,,,,
,,,,5.60,,,,8.36,,,,
,,,,3.23,,,,9.67,,,,
,,,,1.29,,,,14.33,,,,
,,,,1.53,,,,18.31,,,,
,,,,1.24,,,,18.20,,,,
,,,,4.19,,,,8.25,,,,
,,,,2.32,,,,2.15,,,,
,,,,1.60,,,,6.34,,,,
,,,,0.53,,,,6.64,,,,
,,,,3.14,,,,4.69,,,,
,,,,1.78,,,,11.40,,,,
,,,,1.50,,,,25.59,,,,
,,,,1.73,,,,26.50,,,,
,,,,19.16,,,,34.92,,,,
,,,,19.19,,,,3.99,,,,
,,,,16.51,,,,9.28,,,,
,,,,4.88,,,,8.90,,,,
,,,,0.65,,,,9.87,,,,
,,,,3.20,,,,20.94,,,,
,,,,24.79,,,,29.58,,,,
,,,,7.76,,,,36.40,,,,
,,,,7.30,,,,10.19,,,,
,,,,5.16,,,,2.26,,,,
,,,,4.99,,,,15.60,,,,
,,,,4.40,,,,23.03,,,,
,,,,31.66,,,,12.15,,,,
,,,,,,,,36.63,,,,
,,,,,,,,31.74,,,,
,,,,,,,,19.57,,,,
,,,,,,,,9.44,,,,
,,,,,,,,2.41,,,,
,,,,,,,,63.70,,,,
,,,,,,,,64.38,,,,
,,,,,,,,64.04,,,,
,,,,,,,,53.01,,,,
,,,,,,,,19.22,,,,
,,,,,,,,5.93,,,,
,,,,,,,,4.37,,,,
,,,,,,,,1.80,,,,
,,,,,,,,86.68,,,,
,,,,,,,,93.96,,,,
,,,,,,,,101.01,,,,
,,,,,,,,91.68,,,,
,,,,,,,,29.92,,,,
,,,,,,,,21.27,,,,
,,,,,,,,10.44,,,,
,,,,,,,,4.91,,,,
,,,,,,,,27.64,,,,
,,,,,,,,28.78,,,,
,,,,,,,,25.71,,,,
,,,,,,,,35.60,,,,
,,,,,,,,28.44,,,,
,,,,,,,,14.21,,,,
,,,,,,,,8.36,,,,
,,,,,,,,4.70,,,,
,,,,,,,,13.93,,,,
,,,,,,,,14.16,,,,
,,,,,,,,14.16,,,,
,,,,,,,,20.66,,,,
,,,,,,,,25.03,,,,
,,,,,,,,14.22,,,,
,,,,,,,,12.40,,,,
,,,,,,,,7.88,,,,
,,,,,,,,8.19,,,,
,,,,,,,,7.93,,,,
,,,,,,,,8.54,,,,
,,,,,,,,12.82,,,,
,,,,,,,,13.75,,,,
,,,,,,,,23.55,,,,
,,,,,,,,20.02,,,,
,,,,,,,,12.60,,,,
,,,,,,,,14.01,,,,
,,,,,,,,12.40,,,,
,,,,,,,,12.98,,,,
,,,,,,,,41.33,,,,
,,,,,,,,42.88,,,,
,,,,,,,,23.89,,,,
,,,,,,,,4.67,,,,
,,,,,,,,3.19,,,,
,,,,,,,,16.45,,,,
,,,,,,,,18.18,,,,
,,,,,,,,18.54,,,,
,,,,,,,,16.95,,,,
,,,,,,,,62.68,,,,
,,,,,,,,23.66,,,,
,,,,,,,,45.27,,,,
,,,,,,,,6.44,,,,
,,,,,,,,9.59,,,,
,,,,,,,,9.87,,,,
,,,,,,,,9.54,,,,
,,,,,,,,12.36,,,,
,,,,,,,,19.22,,,,
,,,,,,,,26.16,,,,
,,,,,,,,10.26,,,,
,,,,,,,,7.02,,,,
,,,,,,,,7.11,,,,
,,,,,,,,6.78,,,,
,,,,,,,,6.92,,,,
,,,,,,,,13.13,,,,
,,,,,,,,19.02,,,,
,,,,,,,,34.13,,,,
,,,,,,,,18.20,,,,
,,,,,,,,4.07,,,,
,,,,,,,,8.57,,,,
,,,,,,,,9.25,,,,
,,,,,,,,9.33,,,,
,,,,,,,,12.02,,,,
,,,,,,,,22.07,,,,
,,,,,,,,32.53,,,,
,,,,,,,,12.06,,,,
,,,,,,,,7.33,,,,
,,,,,,,,8.21,,,,
,,,,,,,,8.67,,,,
,,,,,,,,8.43,,,,
,,,,,,,,14.04,,,,
,,,,,,,,17.06,,,,
,,,,,,,,17.29,,,,
,,,,,,,,4.48,,,,
,,,,,,,,2.04,,,,
,,,,,,,,117.62,,,,
,,,,,,,,109.88,,,,
,,,,,,,,121.71,,,,
,,,,,,,,134.11,,,,
,,,,,,,,69.96,,,,
,,,,,,,,18.09,,,,
,,,,,,,,4.58,,,,
,,,,,,,,2.79,,,,
,,,,,,,,21.70,,,,
,,,,,,,,23.10,,,,
,,,,,,,,19.60,,,,
,,,,,,,,39.20,,,,
,,,,,,,,102.20,,,,
,,,,,,,,91.70,,,,
,,,,,,,,32.20,,,,
,,,,,,,,16.10,,,,
,,,,,,,,49.48,,,,
,,,,,,,,49.94,,,,
,,,,,,,,51.19,,,,
,,,,,,,,57.33,,,,
,,,,,,,,14.99,,,,
,,,,,,,,6.97,,,,
,,,,,,,,4.90,,,,
,,,,,,,,2.60,,,,
,,,,,,,,18.52,,,,
,,,,,,,,20.65,,,,
,,,,,,,,20.44,,,,
,,,,,,,,27.76,,,,
,,,,,,,,22.98,,,,
,,,,,,,,27.76,,,,
,,,,,,,,11.85,,,,
,,,,,,,,2.32,,,,
,,,,,,,,48.46,,,,
,,,,,,,,47.09,,,,
,,,,,,,,45.96,,,,
,,,,,,,,30.49,,,,
,,,,,,,,20.36,,,,
,,,,,,,,11.88,,,,
,,,,,,,,6.75,,,,
,,,,,,,,3.36,,,,
,,,,,,,,21.84,,,,
,,,,,,,,22.18,,,,
,,,,,,,,25.14,,,,
,,,,,,,,36.17,,,,
,,,,,,,,37.20,,,,
,,,,,,,,16.04,,,,
,,,,,,,,14.79,,,,
,,,,,,,,6.36,,,,
,,,,,,,,7.69,,,,
,,,,,,,,6.14,,,,
,,,,,,,,8.43,,,,
,,,,,,,,13.04,,,,
,,,,,,,,27.19,,,,
,,,,,,,,22.18,,,,
,,,,,,,,12.05,,,,
,,,,,,,,4.81,,,,
,,,,,,,,15.93,,,,
,,,,,,,,14.00,,,,
,,,,,,,,57.33,,,,
,,,,,,,,47.21,,,,
,,,,,,,,32.53,,,,
,,,,,,,,19.79,,,,
,,,,,,,,8.62,,,,
,,,,,,,,5.63,,,,
,,,,,,,,13.85,,,,
,,,,,,,,17.72,,,,
,,,,,,,,15.28,,,,
,,,,,,,,17.86,,,,
,,,,,,,,24.00,,,,
,,,,,,,,38.45,,,,
,,,,,,,,21.84,,,,
,,,,,,,,2.98,,,,
,,,,,,,,9.59,,,,
,,,,,,,,11.60,,,,
,,,,,,,,11.45,,,,
,,,,,,,,11.10,,,,
,,,,,,,,48.00,,,,
,,,,,,,,20.36,,,,
,,,,,,,,7.29,,,,
,,,,,,,,3.69,,,,
,,,,,,,,9.05,,,,
,,,,,,,,7.93,,,,
,,,,,,,,9.81,,,,
,,,,,,,,9.68,,,,
,,,,,,,,12.36,,,,
,,,,,,,,14.46,,,,
,,,,,,,,16.27,,,,
,,,,,,,,12.68,,,,
,,,,,,,,15.98,,,,
,,,,,,,,14.32,,,,
,,,,,,,,15.57,,,,
,,,,,,,,16.08,,,,
,,,,,,,,30.83,,,,
,,,,,,,,15.70,,,,
,,,,,,,,3.92,,,,
,,,,,,,,2.88,,,,
,,,,,,,,16.14,,,,
,,,,,,,,15.67,,,,
,,,,,,,,17.75,,,,
,,,,,,,,17.97,,,,
,,,,,,,,43.11,,,,
,,,,,,,,17.52,,,,
,,,,,,,,9.51,,,,
,,,,,,,,4.79,,,,
,,,,,,,,244.75,,,,
,,,,,,,,258.78,,,,
,,,,,,,,204.75,,,,
,,,,,,,,119.06,,,,
,,,,,,,,14.50,,,,
,,,,,,,,6.79,,,,
,,,,,,,,8.14,,,,
,,,,,,,,4.89,,,,
,,,,,,,,10.78,,,,
,,,,,,,,10.97,,,,
,,,,,,,,10.26,,,,
,,,,,,,,9.37,,,,
,,,,,,,,33.44,,,,
,,,,,,,,20.48,,,,
,,,,,,,,12.74,,,,
,,,,,,,,8.09,,,,
,,,,,,,,12.18,,,,
,,,,,,,,12.64,,,,
,,,,,,,,14.48,,,,
,,,,,,,,22.64,,,,
,,,,,,,,25.03,,,,
,,,,,,,,17.18,,,,
,,,,,,,,9.61,,,,
,,,,,,,,3.11,,,,
,,,,,,,,13.13,,,,
,,,,,,,,15.79,,,,
,,,,,,,,12.60,,,,
,,,,,,,,13.15,,,,
,,,,,,,,57.56,,,,
,,,,,,,,18.09,,,,
,,,,,,,,12.63,,,,
,,,,,,,,7.15,,,,
,,,,,,,,6.36,,,,
,,,,,,,,11.15,,,,
,,,,,,,,8.14,,,,
,,,,,,,,7.95,,,,
,,,,,,,,8.88,,,,
,,,,,,,,21.27,,,,
,,,,,,,,7.88,,,,
,,,,,,,,4.93,,,,
,,,,,,,,10.04,,,,
,,,,,,,,9.33,,,,
,,,,,,,,12.29,,,,
,,,,,,,,16.07,,,,
,,,,,,,,18.20,,,,
,,,,,,,,8.59,,,,
,,,,,,,,4.71,,,,
,,,,,,,,3.96,,,,
,,,,,,,,11.59,,,,
,,,,,,,,12.05,,,,
,,,,,,,,12.22,,,,
,,,,,,,,11.19,,,,
,,,,,,,,15.13,,,,
,,,,,,,,25.25,,,,
,,,,,,,,8.91,,,,
,,,,,,,,3.89,,,,
,,,,,,,,11.20,,,,
,,,,,,,,10.84,,,,
,,,,,,,,10.99,,,,
,,,,,,,,12.35,,,,
,,,,,,,,12.52,,,,
,,,,,,,,21.73,,,,
,,,,,,,,13.52,,,,
,,,,,,,,3.40,,,,
,,,,,,,,6.48,,,,
,,,,,,,,6.75,,,,
,,,,,,,,7.71,,,,
,,,,,,,,9.77,,,,
,,,,,,,,16.55,,,,
,,,,,,,,16.04,,,,
,,,,,,,,6.72,,,,
,,,,,,,,2.41,,,,
,,,,,,,,14.86,,,,
,,,,,,,,14.81,,,,
,,,,,,,,10.66,,,,
,,,,,,,,60.97,,,,
,,,,,,,,26.28,,,,
,,,,,,,,7.17,,,,
,,,,,,,,2.55,,,,
,,,,,,,,1.16,,,,
,,,,,,,,66.20,,,,
,,,,,,,,62.68,,,,
,,,,,,,,62.11,,,,
,,,,,,,,575.84,,,,
,,,,,,,,17.06,,,,
,,,,,,,,13.08,,,,
,,,,,,,,8.90,,,,
,,,,,,,,3.26,,,,
,,,,,,,,193.38,,,,
,,,,,,,,147.04,,,,
,,,,,,,,201.22,,,,
,,,,,,,,142.98,,,,
,,,,,,,,16.73,,,,
,,,,,,,,6.32,,,,
,,,,,,,,4.85,,,,
,,,,,,,,2.35,,,,
,,,,,,,,16.43,,,,
,,,,,,,,18.53,,,,
,,,,,,,,17.83,,,,
,,,,,,,,23.10,,,,
,,,,,,,,39.43,,,,
,,,,,,,,16.08,,,,
,,,,,,,,11.85,,,,
,,,,,,,,9.26,,,,
,,,,,,,,5.32,,,,
,,,,,,,,13.98,,,,
,,,,,,,,15.96,,,,
,,,,,,,,14.85,,,,
,,,,,,,,12.37,,,,
,,,,,,,,10.92,,,,
,,,,,,,,11.36,,,,
,,,,,,,,11.19,,,,
,,,,,,,,12.76,,,,
,,,,,,,,33.37,,,,
,,,,,,,,12.82,,,,
,,,,,,,,97.42,,,,
,,,,,,,,64.40,,,,
,,,,,,,,20.42,,,,
,,,,,,,,10.73,,,,
,,,,,,,,1.82,,,,
,,,,,,,,8.31,,,,
,,,,,,,,7.61,,,,
,,,,,,,,11.22,,,,
,,,,,,,,11.91,,,,
,,,,,,,,12.39,,,,
,,,,,,,,23.22,,,,
,,,,,,,,16.57,,,,
,,,,,,,,3.86,,,,
,,,,,,,,11.83,,,,
,,,,,,,,9.98,,,,
,,,,,,,,11.70,,,,
,,,,,,,,39.43,,,,
,,,,,,,,23.68,,,,
,,,,,,,,16.68,,,,
,,,,,,,,23.22,,,,
,,,,,,,,5.16,,,,
,,,,,,,,8.32,,,,
,,,,,,,,8.72,,,,
,,,,,,,,11.83,,,,
,,,,,,,,9.23,,,,
,,,,,,,,14.20,,,,
,,,,,,,,28.23,,,,
,,,,,,,,12.95,,,,
,,,,,,,,7.58,,,,
,,,,,,,,6.99,,,,
,,,,,,,,6.56,,,,
,,,,,,,,8.62,,,,
,,,,,,,,10.06,,,,
,,,,,,,,11.91,,,,
,,,,,,,,26.37,,,,
,,,,,,,,3.63,,,,
,,,,,,,,2.10,,,,
,,,,,,,,11.83,,,,
,,,,,,,,10.59,,,,
,,,,,,,,11.31,,,,
,,,,,,,,12.71,,,,
,,,,,,,,15.87,,,,
,,,,,,,,15.28,,,,
,,,,,,,,5.38,,,,
,,,,,,,,4.06,,,,
,,,,,,,,6.23,,,,
,,,,,,,,6.28,,,,
,,,,,,,,7.16,,,,
,,,,,,,,7.39,,,,
,,,,,,,,8.96,,,,
,,,,,,,,16.68,,,,
,,,,,,,,11.26,,,,
,,,,,,,,1.70,,,,
,,,,,,,,202.07,,,,
,,,,,,,,221.67,,,,
,,,,,,,,220.73,,,,
,,,,,,,,212.10,,,,
,,,,,,,,31.73,,,,
,,,,,,,,11.99,,,,
,,,,,,,,5.72,,,,
,,,,,,,,4.21,,,,
,,,,,,,,42.12,,,,
,,,,,,,,36.87,,,,
,,,,,,,,39.43,,,,
,,,,,,,,48.65,,,,
,,,,,,,,52.62,,,,
,,,,,,,,8.51,,,,
,,,,,,,,10.96,,,,
,,,,,,,,8.05,,,,
,,,,,,,,313.43,,,,
,,,,,,,,342.65,,,,
,,,,,,,,324.80,,,,
,,,,,,,,225.87,,,,
,,,,,,,,27.88,,,,
,,,,,,,,15.63,,,,
,,,,,,,,9.74,,,,
,,,,,,,,4.80,,,,
,,,,,,,,21.74,,,,
,,,,,,,,21.35,,,,
,,,,,,,,31.50,,,,
,,,,,,,,34.42,,,,
,,,,,,,,30.68,,,,
,,,,,,,,14.93,,,,
,,,,,,,,11.55,,,,
,,,,,,,,3.59,,,,
,,,,,,,,10.87,,,,
,,,,,,,,9.04,,,,
,,,,,,,,13.05,,,,
,,,,,,,,12.66,,,,
,,,,,,,,17.75,,,,
,,,,,,,,24.91,,,,
,,,,,,,,7.86,,,,
,,,,,,,,4.24,,,,
,,,,,,,,17.80,,,,
,,,,,,,,18.89,,,,
,,,,,,,,26.05,,,,
,,,,,,,,17.75,,,,
,,,,,,,,15.87,,,,
,,,,,,,,7.15,,,,
,,,,,,,,2.91,,,,
,,,,,,,,2.31,,,,
,,,,,,,,7.85,,,,
,,,,,,,,9.46,,,,
,,,,,,,,11.72,,,,
,,,,,,,,31.51,,,,
,,,,,,,,26.50,,,,
,,,,,,,,13.54,,,,
,,,,,,,,6.54,,,,
,,,,,,,,2.23,,,,
,,,,,,,,11.64,,,,
,,,,,,,,11.64,,,,
,,,,,,,,10.86,,,,
,,,,,,,,12.92,,,,
,,,,,,,,39.70,,,,
,,,,,,,,20.82,,,,
,,,,,,,,9.60,,,,
,,,,,,,,6.26,,,,
,,,,,,,,7.76,,,,
,,,,,,,,7.87,,,,
,,,,,,,,8.24,,,,
,,,,,,,,26.50,,,,
,,,,,,,,47.43,,,,
,,,,,,,,18.54,,,,
,,,,,,,,9.20,,,,
,,,,,,,,7.46,,,,
,,,,,,,,6.03,,,,
,,,,,,,,6.01,,,,
,,,,,,,,6.22,,,,
,,,,,,,,6.79,,,,
,,,,,,,,5.36,,,,
,,,,,,,,28.21,,,,
,,,,,,,,10.35,,,,
,,,,,,,,2.57,,,,
,,,,,,,,7.69,,,,
,,,,,,,,7.54,,,,
,,,,,,,,7.48,,,,
,,,,,,,,11.24,,,,
,,,,,,,,29.58,,,,
,,,,,,,,11.72,,,,
,,,,,,,,4.31,,,,
,,,,,,,,2.42,,,,
,,,,,,,,17.40,,,,
,,,,,,,,16.63,,,,
,,,,,,,,20.34,,,,
,,,,,,,,24.57,,,,
,,,,,,,,53.35,,,,
,,,,,,,,7.60,,,,
,,,,,,,,5.30,,,,
,,,,,,,,2.93,,,,
,,,,,,,,33.10,,,,
,,,,,,,,35.72,,,,
,,,,,,,,34.35,,,,
,,,,,,,,38.33,,,,
,,,,,,,,41.52,,,,
,,,,,,,,17.29,,,,
,,,,,,,,7.39,,,,
,,,,,,,,3.05,,,,
,,,,,,,,22.86,,,,
,,,,,,,,23.32,,,,
,,,,,,,,24.46,,,,
,,,,,,,,21.73,,,,
,,,,,,,,17.52,,,,
,,,,,,,,11.94,,,,
,,,,,,,,10.47,,,,
,,,,,,,,3.87,,,,
,,,,,,,,14.06,,,,
,,,,,,,,14.11,,,,
,,,,,,,,14.70,,,,
,,,,,,,,20.59,,,,
,,,,,,,,17.40,,,,
,,,,,,,,25.94,,,,
,,,,,,,,13.20,,,,
,,,,,,,,3.45,,,,
,,,,,,,,7.86,,,,
,,,,,,,,8.86,,,,
,,,,,,,,8.77,,,,
,,,,,,,,11.64,,,,
,,,,,,,,39.93,,,,
,,,,,,,,18.66,,,,
,,,,,,,,10.24,,,,
,,,,,,,,2.34,,,,
,,,,,,,,9.77,,,,
,,,,,,,,8.86,,,,
,,,,,,,,10.40,,,,
,,,,,,,,12.05,,,,
,,,,,,,,11.91,,,,
,,,,,,,,29.46,,,,
,,,,,,,,18.20,,,,
,,,,,,,,11.03,,,,
,,,,,,,,9.46,,,,
,,,,,,,,7.76,,,,
,,,,,,,,8.44,,,,
,,,,,,,,8.69,,,,
,,,,,,,,7.28,,,,
,,,,,,,,11.82,,,,
,,,,,,,,15.54,,,,
,,,,,,,,1.64,,,,
,,,,,,,,8.91,,,,
,,,,,,,,10.08,,,,
,,,,,,,,11.03,,,,
,,,,,,,,12.51,,,,
,,,,,,,,35.72,,,,
,,,,,,,,19.91,,,,
,,,,,,,,11.15,,,,
,,,,,,,,5.85,,,,
,,,,,,,,13.49,,,,
,,,,,,,,14.34,,,,
,,,,,,,,15.64,,,,
,,,,,,,,19.91,,,,
,,,,,,,,22.30,,,,
,,,,,,,,9.70,,,,
,,,,,,,,5.95,,,,
,,,,,,,,3.75,,,,
,,,,,,,,9.01,,,,
,,,,,,,,9.19,,,,
,,,,,,,,9.04,,,,
,,,,,,,,11.17,,,,
,,,,,,,,16.38,,,,
,,,,,,,,10.47,,,,
,,,,,,,,3.73,,,,
,,,,,,,,1.49,,,,
,,,,,,,,74.28,,,,
,,,,,,,,77.24,,,,
,,,,,,,,45.05,,,,
,,,,,,,,11.74,,,,
,,,,,,,,13.92,,,,
,,,,,,,,5.49,,,,
,,,,,,,,3.08,,,,
,,,,,,,,2.47,,,,
,,,,,,,,209.07,,,,
,,,,,,,,166.53,,,,
,,,,,,,,197.02,,,,
,,,,,,,,45.16,,,,
,,,,,,,,11.72,,,,
,,,,,,,,7.85,,,,
,,,,,,,,5.23,,,,
,,,,,,,,4.91,,,,
,,,,,,,,51.64,,,,
,,,,,,,,122.85,,,,
,,,,,,,,79.06,,,,
,,,,,,,,147.76,,,,
,,,,,,,,41.63,,,,
,,,,,,,,20.25,,,,
,,,,,,,,13.24,,,,
,,,,,,,,8.02,,,,
,,,,,,,,358.84,,,,
,,,,,,,,331.39,,,,
,,,,,,,,403.74,,,,
,,,,,,,,210.06,,,,
,,,,,,,,91.15,,,,
,,,,,,,,12.74,,,,
,,,,,,,,10.07,,,,
,,,,,,,,7.29,,,,
,,,,,,,,10.10,,,,
,,,,,,,,8.25,,,,
,,,,,,,,9.33,,,,
,,,,,,,,17.38,,,,
,,,,,,,,46.41,,,,
,,,,,,,,28.55,,,,
,,,,,,,,14.56,,,,
,,,,,,,,2.40,,,,
,,,,,,,,47.21,,,,
,,,,,,,,50.39,,,,
,,,,,,,,53.92,,,,
,,,,,,,,48.57,,,,
,,,,,,,,21.61,,,,
,,,,,,,,14.72,,,,
,,,,,,,,7.70,,,,
,,,,,,,,6.87,,,,
,,,,,,,,7.80,,,,
,,,,,,,,8.43,,,,
,,,,,,,,7.23,,,,
,,,,,,,,6.52,,,,
,,,,,,,,19.45,,,,
,,,,,,,,20.59,,,,
,,,,,,,,10.34,,,,
,,,,,,,,2.74,,,,
,,,,,,,,8.00,,,,
,,,,,,,,7.37,,,,
,,,,,,,,7.11,,,,
,,,,,,,,27.19,,,,
,,,,,,,,24.80,,,,
,,,,,,,,19.34,,,,
,,,,,,,,6.77,,,,
,,,,,,,,2.01,,,,
,,,,,,,,16.13,,,,
,,,,,,,,18.42,,,,
,,,,,,,,56.08,,,,
,,,,,,,,79.97,,,,
,,,,,,,,76.21,,,,
,,,,,,,,11.11,,,,
,,,,,,,,5.74,,,,
,,,,,,,,2.80,,,,
,,,,,,,,22.89,,,,
,,,,,,,,23.09,,,,
,,,,,,,,21.87,,,,
,,,,,,,,45.16,,,,
,,,,,,,,42.54,,,,
,,,,,,,,22.18,,,,
,,,,,,,,10.73,,,,
,,,,,,,,5.63,,,,
,,,,,,,,47.89,,,,
,,,,,,,,44.48,,,,
,,,,,,,,45.05,,,,
,,,,,,,,28.55,,,,
,,,,,,,,46.87,,,,
,,,,,,,,13.20,,,,
,,,,,,,,11.42,,,,
,,,,,,,,6.21,,,,
,,,,,,,,137.75,,,,
,,,,,,,,144.46,,,,
,,,,,,,,146.74,,,,
,,,,,,,,15.24,,,,
,,,,,,,,13.31,,,,
,,,,,,,,9.15,,,,
,,,,,,,,7.78,,,,
,,,,,,,,3.39,,,,
,,,,,,,,17.37,,,,
,,,,,,,,16.80,,,,
,,,,,,,,17.06,,,,
,,,,,,,,23.55,,,,
,,,,,,,,20.25,,,,
,,,,,,,,5.87,,,,
,,,,,,,,4.41,,,,
,,,,,,,,1.82,,,,
,,,,,,,,32.31,,,,
,,,,,,,,34.69,,,,
,,,,,,,,31.17,,,,
,,,,,,,,26.05,,,,
,,,,,,,,20.25,,,,
,,,,,,,,6.06,,,,
,,,,,,,,6.90,,,,
,,,,,,,,2.30,,,,
,,,,,,,,21.95,,,,
,,,,,,,,20.41,,,,
,,,,,,,,20.82,,,,
,,,,,,,,20.59,,,,
,,,,,,,,47.89,,,,
,,,,,,,,8.05,,,,
,,,,,,,,3.37,,,,
,,,,,,,,3.49,,,,
,,,,,,,,23.10,,,,
,,,,,,,,22.40,,,,
,,,,,,,,20.30,,,,
,,,,,,,,22.40,,,,
,,,,,,,,42.70,,,,
,,,,,,,,14.00,,,,
,,,,,,,,4.90,,,,
,,,,,,,,2.10,,,,
,,,,,,,,39.90,,,,
,,,,,,,,33.60,,,,
,,,,,,,,39.90,,,,
,,,,,,,,19.60,,,,
,,,,,,,,5.60,,,,
,,,,,,,,4.90,,,,
,,,,,,,,4.20,,,,
,,,,,,,,2.80,,,,
,,,,,,,,131.60,,,,
,,,,,,,,134.40,,,,
,,,,,,,,130.02,,,,
,,,,,,,,68.60,,,,
,,,,,,,,23.80,,,,
,,,,,,,,15.93,,,,
,,,,,,,,2.80,,,,
,,,,,,,,2.80,,,,
,,,,,,,,31.50,,,,
,,,,,,,,35.00,,,,
,,,,,,,,34.30,,,,
,,,,,,,,116.20,,,,
,,,,,,,,23.10,,,,
,,,,,,,,15.40,,,,
,,,,,,,,7.70,,,,
,,,,,,,,5.60,,,,
,,,,,,,,11.99,,,,
,,,,,,,,11.98,,,,
,,,,,,,,11.59,,,,
,,,,,,,,23.21,,,,
,,,,,,,,13.18,,,,
,,,,,,,,17.75,,,,
,,,,,,,,13.54,,,,
,,,,,,,,6.29,,,,
,,,,,,,,10.50,,,,
,,,,,,,,10.50,,,,
,,,,,,,,12.60,,,,
,,,,,,,,10.50,,,,
,,,,,,,,18.90,,,,
,,,,,,,,23.80,,,,
,,,,,,,,10.27,,,,
,,,,,,,,9.17,,,,
,,,,,,,,9.86,,,,
,,,,,,,,11.14,,,,
,,,,,,,,13.79,,,,
,,,,,,,,45.50,,,,
,,,,,,,,10.98,,,,
,,,,,,,,5.62,,,,
,,,,,,,,17.16,,,,
,,,,,,,,19.10,,,,
,,,,,,,,23.55,,,,
,,,,,,,,39.81,,,,
,,,,,,,,35.72,,,,
,,,,,,,,15.97,,,,
,,,,,,,,3.29,,,,
,,,,,,,,1.24,,,,
,,,,,,,,44.70,,,,
,,,,,,,,50.73,,,,
,,,,,,,,49.48,,,,
,,,,,,,,81.22,,,,
,,,,,,,,44.14,,,,
,,,,,,,,13.22,,,,
,,,,,,,,4.30,,,,
,,,,,,,,4.19,,,,